model	error
{Bachmann_MSB2011}_{model_Bachmann_MSB2011}_0	Ok
{Bachmann_MSB2011}_{model_Bachmann_MSB2011}_1	Ok
{Bachmann_MSB2011}_{model_Bachmann_MSB2011}_2	Ok
{Bachmann_MSB2011}_{model_Bachmann_MSB2011}_3	Ok
{Bachmann_MSB2011}_{model_Bachmann_MSB2011}_4	Ok
{Bachmann_MSB2011}_{model_Bachmann_MSB2011}_5	Ok
{Bachmann_MSB2011}_{model_Bachmann_MSB2011}_6	Ok
{Bachmann_MSB2011}_{model_Bachmann_MSB2011}_7	Ok
{Bachmann_MSB2011}_{model_Bachmann_MSB2011}_8	Ok
{Bachmann_MSB2011}_{model_Bachmann_MSB2011}_9	Ok
{Bachmann_MSB2011}_{model_Bachmann_MSB2011}_10	Ok
{Bachmann_MSB2011}_{model_Bachmann_MSB2011}_11	Ok
{Bachmann_MSB2011}_{model_Bachmann_MSB2011}_12	Ok
{Bachmann_MSB2011}_{model_Bachmann_MSB2011}_13	Ok
{Bachmann_MSB2011}_{model_Bachmann_MSB2011}_14	Ok
{Bachmann_MSB2011}_{model_Bachmann_MSB2011}_15	Ok
{Bachmann_MSB2011}_{model_Bachmann_MSB2011}_16	Ok
{Bachmann_MSB2011}_{model_Bachmann_MSB2011}_17	Ok
{Bachmann_MSB2011}_{model_Bachmann_MSB2011}_18	Ok
{Bachmann_MSB2011}_{model_Bachmann_MSB2011}_19	Ok
{Bachmann_MSB2011}_{model_Bachmann_MSB2011}_20	Ok
{Bachmann_MSB2011}_{model_Bachmann_MSB2011}_21	Ok
{Bachmann_MSB2011}_{model_Bachmann_MSB2011}_22	Ok
{Bachmann_MSB2011}_{model_Bachmann_MSB2011}_23	Ok
{Bachmann_MSB2011}_{model_Bachmann_MSB2011}_24	Ok
{Bachmann_MSB2011}_{model_Bachmann_MSB2011}_25	Ok
{Bachmann_MSB2011}_{model_Bachmann_MSB2011}_26	Ok
{Bachmann_MSB2011}_{model_Bachmann_MSB2011}_27	Ok
{Bachmann_MSB2011}_{model_Bachmann_MSB2011}_28	Ok
{Bachmann_MSB2011}_{model_Bachmann_MSB2011}_29	Ok
{Bachmann_MSB2011}_{model_Bachmann_MSB2011}_30	Ok
{Bachmann_MSB2011}_{model_Bachmann_MSB2011}_31	Ok
{Bachmann_MSB2011}_{model_Bachmann_MSB2011}_32	Ok
{Bachmann_MSB2011}_{model_Bachmann_MSB2011}_33	Ok
{Becker_Science2010}_{model_Becker_Science2010__BaF3_Exp}_0	Ok
{Becker_Science2010}_{model_Becker_Science2010__BaF3_Exp}_1	Ok
{Becker_Science2010}_{model_Becker_Science2010__BaF3_Exp}_2	Ok
{Becker_Science2010}_{model_Becker_Science2010__BaF3_Exp}_3	Ok
{Becker_Science2010}_{model_Becker_Science2010__BaF3_Exp}_4	Ok
{Becker_Science2010}_{model_Becker_Science2010__BaF3_Exp}_5	Ok
{Becker_Science2010}_{model_Becker_Science2010__BaF3_Exp}_6	Ok
{Becker_Science2010}_{model_Becker_Science2010__BaF3_Exp}_7	Ok
{Becker_Science2010}_{model_Becker_Science2010__binding}_0	Ok
{Becker_Science2010}_{model_Becker_Science2010__binding}_1	Ok
{Beer_MolBioSystems2014}_{model_Beer_MolBioSystems2014}_0	Ok
{Beer_MolBioSystems2014}_{model_Beer_MolBioSystems2014}_1	Ok
{Beer_MolBioSystems2014}_{model_Beer_MolBioSystems2014}_2	Ok
{Beer_MolBioSystems2014}_{model_Beer_MolBioSystems2014}_3	Ok
{Blasi_CellSystems2016}_{model_Blasi_CellSystems2016}_0	Ok
{Blasi_CellSystems2016}_{model_Blasi_CellSystems2016}_1	Ok
{Blasi_CellSystems2016}_{model_Blasi_CellSystems2016}_2	Ok
{Blasi_CellSystems2016}_{model_Blasi_CellSystems2016}_3	Ok
{Blasi_CellSystems2016}_{model_Blasi_CellSystems2016}_4	Ok
{Blasi_CellSystems2016}_{model_Blasi_CellSystems2016}_5	Ok
{Blasi_CellSystems2016}_{model_Blasi_CellSystems2016}_6	Ok
{Blasi_CellSystems2016}_{model_Blasi_CellSystems2016}_7	Ok
{Blasi_CellSystems2016}_{model_Blasi_CellSystems2016}_8	Ok
{Blasi_CellSystems2016}_{model_Blasi_CellSystems2016}_9	Ok
{Blasi_CellSystems2016}_{model_Blasi_CellSystems2016}_10	Ok
{Blasi_CellSystems2016}_{model_Blasi_CellSystems2016}_11	Ok
{Blasi_CellSystems2016}_{model_Blasi_CellSystems2016}_12	Ok
{Blasi_CellSystems2016}_{model_Blasi_CellSystems2016}_13	Ok
{Blasi_CellSystems2016}_{model_Blasi_CellSystems2016}_14	Ok
{Blasi_CellSystems2016}_{model_Blasi_CellSystems2016}_15	Ok
{Blasi_CellSystems2016}_{model_Blasi_CellSystems2016}_16	Ok
{Blasi_CellSystems2016}_{model_Blasi_CellSystems2016}_17	Ok
{Blasi_CellSystems2016}_{model_Blasi_CellSystems2016}_18	Ok
{Blasi_CellSystems2016}_{model_Blasi_CellSystems2016}_19	Ok
{Blasi_CellSystems2016}_{model_Blasi_CellSystems2016}_20	Ok
{Blasi_CellSystems2016}_{model_Blasi_CellSystems2016}_21	Ok
{Blasi_CellSystems2016}_{model_Blasi_CellSystems2016}_22	Ok
{Blasi_CellSystems2016}_{model_Blasi_CellSystems2016}_23	Ok
{Blasi_CellSystems2016}_{model_Blasi_CellSystems2016}_24	Ok
{Blasi_CellSystems2016}_{model_Blasi_CellSystems2016}_25	Ok
{Blasi_CellSystems2016}_{model_Blasi_CellSystems2016}_26	Ok
{Blasi_CellSystems2016}_{model_Blasi_CellSystems2016}_27	Ok
{Blasi_CellSystems2016}_{model_Blasi_CellSystems2016}_28	Ok
{Blasi_CellSystems2016}_{model_Blasi_CellSystems2016}_29	Ok
{Blasi_CellSystems2016}_{model_Blasi_CellSystems2016}_30	Ok
{Blasi_CellSystems2016}_{model_Blasi_CellSystems2016}_31	Ok
{Blasi_CellSystems2016}_{model_Blasi_CellSystems2016_allCombinations}_0	Ok
{Blasi_CellSystems2016}_{model_Blasi_CellSystems2016_allCombinations}_1	Ok
{Blasi_CellSystems2016}_{model_Blasi_CellSystems2016_allCombinations}_2	Ok
{Blasi_CellSystems2016}_{model_Blasi_CellSystems2016_allCombinations}_3	Ok
{Blasi_CellSystems2016}_{model_Blasi_CellSystems2016_allCombinations}_4	Ok
{Blasi_CellSystems2016}_{model_Blasi_CellSystems2016_allCombinations}_5	Ok
{Blasi_CellSystems2016}_{model_Blasi_CellSystems2016_allCombinations}_6	Ok
{Blasi_CellSystems2016}_{model_Blasi_CellSystems2016_allCombinations}_7	Ok
{Blasi_CellSystems2016}_{model_Blasi_CellSystems2016_allCombinations}_8	Ok
{Blasi_CellSystems2016}_{model_Blasi_CellSystems2016_allCombinations}_9	Ok
{Blasi_CellSystems2016}_{model_Blasi_CellSystems2016_allCombinations}_10	Ok
{Blasi_CellSystems2016}_{model_Blasi_CellSystems2016_allCombinations}_11	Ok
{Blasi_CellSystems2016}_{model_Blasi_CellSystems2016_allCombinations}_12	Ok
{Blasi_CellSystems2016}_{model_Blasi_CellSystems2016_allCombinations}_13	Ok
{Blasi_CellSystems2016}_{model_Blasi_CellSystems2016_allCombinations}_14	Ok
{Blasi_CellSystems2016}_{model_Blasi_CellSystems2016_allCombinations}_15	Ok
{Blasi_CellSystems2016}_{model_Blasi_CellSystems2016_allCombinations}_16	Ok
{Blasi_CellSystems2016}_{model_Blasi_CellSystems2016_allCombinations}_17	Ok
{Blasi_CellSystems2016}_{model_Blasi_CellSystems2016_allCombinations}_18	Ok
{Blasi_CellSystems2016}_{model_Blasi_CellSystems2016_allCombinations}_19	Ok
{Blasi_CellSystems2016}_{model_Blasi_CellSystems2016_allCombinations}_20	Ok
{Blasi_CellSystems2016}_{model_Blasi_CellSystems2016_allCombinations}_21	Ok
{Blasi_CellSystems2016}_{model_Blasi_CellSystems2016_allCombinations}_22	Ok
{Blasi_CellSystems2016}_{model_Blasi_CellSystems2016_allCombinations}_23	Ok
{Blasi_CellSystems2016}_{model_Blasi_CellSystems2016_allCombinations}_24	Ok
{Blasi_CellSystems2016}_{model_Blasi_CellSystems2016_allCombinations}_25	Ok
{Blasi_CellSystems2016}_{model_Blasi_CellSystems2016_allCombinations}_26	Ok
{Blasi_CellSystems2016}_{model_Blasi_CellSystems2016_allCombinations}_27	Ok
{Blasi_CellSystems2016}_{model_Blasi_CellSystems2016_allCombinations}_28	Ok
{Blasi_CellSystems2016}_{model_Blasi_CellSystems2016_allCombinations}_29	Ok
{Blasi_CellSystems2016}_{model_Blasi_CellSystems2016_allCombinations}_30	Ok
{Blasi_CellSystems2016}_{model_Blasi_CellSystems2016_allCombinations}_31	Ok
{Boehm_JProteomeRes2014}_{model_Boehm_JProteomeRes2014}_0	Ok
{Boehm_JProteomeRes2014}_{model_Boehm_JProteomeRes2014}_1	Ok
{Boehm_JProteomeRes2014}_{model_Boehm_JProteomeRes2014}_2	Ok
{Boehm_JProteomeRes2014}_{model_Boehm_JProteomeRes2014}_3	Ok
{Boehm_JProteomeRes2014}_{model_Boehm_JProteomeRes2014}_4	Ok
{Boehm_JProteomeRes2014}_{model_Boehm_JProteomeRes2014}_5	Ok
{Boehm_JProteomeRes2014}_{model_Boehm_JProteomeRes2014}_6	Ok
{Boehm_JProteomeRes2014}_{model_Boehm_JProteomeRes2014}_7	Ok
{Boehm_JProteomeRes2014}_{model_Boehm_JProteomeRes2014}_8	Ok
{Borghans_BiophysChem1997}_{model_Borghans_BiophysChem1997}_0	Ok
{Borghans_BiophysChem1997}_{model_Borghans_BiophysChem1997}_1	Ok
{Borghans_BiophysChem1997}_{model_Borghans_BiophysChem1997}_2	Ok
{Borghans_BiophysChem1997}_{model_Borghans_BiophysChem1997}_3	Ok
{Borghans_BiophysChem1997}_{model_Borghans_BiophysChem1997}_4	Ok
{Borghans_BiophysChem1997}_{model_Borghans_BiophysChem1997}_5	Ok
{Borghans_BiophysChem1997}_{model_Borghans_BiophysChem1997}_6	Ok
{Borghans_BiophysChem1997}_{model_Borghans_BiophysChem1997}_7	Ok
{Brannmark_JBC2010}_{model_Brannmark_JBC2010}_0	Ok
{Brannmark_JBC2010}_{model_Brannmark_JBC2010}_1	Ok
{Brannmark_JBC2010}_{model_Brannmark_JBC2010}_2	Ok
{Brannmark_JBC2010}_{model_Brannmark_JBC2010}_3	Ok
{Brannmark_JBC2010}_{model_Brannmark_JBC2010}_4	Ok
{Brannmark_JBC2010}_{model_Brannmark_JBC2010}_5	Ok
{Brannmark_JBC2010}_{model_Brannmark_JBC2010}_6	Ok
{Brannmark_JBC2010}_{model_Brannmark_JBC2010}_7	Ok
{Brannmark_JBC2010}_{model_Brannmark_JBC2010}_8	Ok
{Brannmark_JBC2010}_{model_Brannmark_JBC2010}_9	Ok
{Brannmark_JBC2010}_{model_Brannmark_JBC2010}_10	Ok
{Bruno_JExpBio2016}_{model_Bruno_JExpBio2016}_0	Ok
{Bruno_JExpBio2016}_{model_Bruno_JExpBio2016}_1	Ok
{Bruno_JExpBio2016}_{model_Bruno_JExpBio2016}_2	Ok
{Bruno_JExpBio2016}_{model_Bruno_JExpBio2016}_3	Ok
{Bruno_JExpBio2016}_{model_Bruno_JExpBio2016}_4	Ok
{Bruno_JExpBio2016}_{model_Bruno_JExpBio2016}_5	Ok
{Chen_MSB2009}_{model_Chen_MSB2009}_0	Ok
{Chen_MSB2009}_{model_Chen_MSB2009}_1	Ok
{Chen_MSB2009}_{model_Chen_MSB2009}_2	Ok
{Chen_MSB2009}_{model_Chen_MSB2009}_3	Ok
{Chen_MSB2009}_{model_Chen_MSB2009}_4	Ok
{Chen_MSB2009}_{model_Chen_MSB2009}_5	Ok
{Chen_MSB2009}_{model_Chen_MSB2009}_6	Ok
{Chen_MSB2009}_{model_Chen_MSB2009}_7	Ok
{Chen_MSB2009}_{model_Chen_MSB2009}_8	Ok
{Chen_MSB2009}_{model_Chen_MSB2009}_9	Ok
{Chen_MSB2009}_{model_Chen_MSB2009}_10	Ok
{Chen_MSB2009}_{model_Chen_MSB2009}_11	Ok
{Chen_MSB2009}_{model_Chen_MSB2009}_12	Ok
{Chen_MSB2009}_{model_Chen_MSB2009}_13	Ok
{Chen_MSB2009}_{model_Chen_MSB2009}_14	Ok
{Chen_MSB2009}_{model_Chen_MSB2009}_15	Ok
{Chen_MSB2009}_{model_Chen_MSB2009}_16	Ok
{Chen_MSB2009}_{model_Chen_MSB2009}_17	Ok
{Chen_MSB2009}_{model_Chen_MSB2009}_18	Ok
{Chen_MSB2009}_{model_Chen_MSB2009}_19	Ok
{Chen_MSB2009}_{model_Chen_MSB2009}_20	Ok
{Chen_MSB2009}_{model_Chen_MSB2009}_21	Ok
{Chen_MSB2009}_{model_Chen_MSB2009}_22	Ok
{Chen_MSB2009}_{model_Chen_MSB2009}_23	Ok
{Chen_MSB2009}_{model_Chen_MSB2009}_24	Ok
{Chen_MSB2009}_{model_Chen_MSB2009}_25	Ok
{Chen_MSB2009}_{model_Chen_MSB2009}_26	Ok
{Chen_MSB2009}_{model_Chen_MSB2009}_27	Ok
{Chen_MSB2009}_{model_Chen_MSB2009}_28	Ok
{Chen_MSB2009}_{model_Chen_MSB2009}_29	Ok
{Chen_MSB2009}_{model_Chen_MSB2009}_30	Ok
{Chen_MSB2009}_{model_Chen_MSB2009}_31	Ok
{Chen_MSB2009}_{model_Chen_MSB2009}_32	Ok
{Chen_MSB2009}_{model_Chen_MSB2009}_33	Ok
{Chen_MSB2009}_{model_Chen_MSB2009}_34	Ok
{Chen_MSB2009}_{model_Chen_MSB2009}_35	Ok
{Chen_MSB2009}_{model_Chen_MSB2009}_36	Ok
{Chen_MSB2009}_{model_Chen_MSB2009}_37	Ok
{Chen_MSB2009}_{model_Chen_MSB2009}_38	Ok
{Chen_MSB2009}_{model_Chen_MSB2009}_39	Ok
{Chen_MSB2009}_{model_Chen_MSB2009}_40	Ok
{Chen_MSB2009}_{model_Chen_MSB2009}_41	Ok
{Chen_MSB2009}_{model_Chen_MSB2009}_42	Ok
{Chen_MSB2009}_{model_Chen_MSB2009}_43	Ok
{Chen_MSB2009}_{model_Chen_MSB2009}_44	Ok
{Chen_MSB2009}_{model_Chen_MSB2009}_45	Ok
{Chen_MSB2009}_{model_Chen_MSB2009}_46	Ok
{Chen_MSB2009}_{model_Chen_MSB2009}_47	Ok
{Chen_MSB2009}_{model_Chen_MSB2009}_48	Ok
{Chen_MSB2009}_{model_Chen_MSB2009}_49	Ok
{Chen_MSB2009}_{model_Chen_MSB2009}_50	Ok
{Chen_MSB2009}_{model_Chen_MSB2009}_51	Ok
{Chen_MSB2009}_{model_Chen_MSB2009}_52	Ok
{Chen_MSB2009}_{model_Chen_MSB2009}_53	Ok
{Chen_MSB2009}_{model_Chen_MSB2009}_54	Ok
{Chen_MSB2009}_{model_Chen_MSB2009}_55	Ok
{Chen_MSB2009}_{model_Chen_MSB2009}_56	Ok
{Chen_MSB2009}_{model_Chen_MSB2009}_57	Ok
{Chen_MSB2009}_{model_Chen_MSB2009}_58	Ok
{Chen_MSB2009}_{model_Chen_MSB2009}_59	Ok
{Chen_MSB2009}_{model_Chen_MSB2009}_60	Ok
{Chen_MSB2009}_{model_Chen_MSB2009}_61	Ok
{Chen_MSB2009}_{model_Chen_MSB2009}_62	Ok
{Chen_MSB2009}_{model_Chen_MSB2009}_63	Ok
{Chen_MSB2009}_{model_Chen_MSB2009}_64	Ok
{Chen_MSB2009}_{model_Chen_MSB2009}_65	Ok
{Chen_MSB2009}_{model_Chen_MSB2009}_66	Ok
{Chen_MSB2009}_{model_Chen_MSB2009}_67	Ok
{Chen_MSB2009}_{model_Chen_MSB2009}_68	Ok
{Chen_MSB2009}_{model_Chen_MSB2009}_69	Ok
{Chen_MSB2009}_{model_Chen_MSB2009}_70	Ok
{Chen_MSB2009}_{model_Chen_MSB2009}_71	Ok
{Chen_MSB2009}_{model_Chen_MSB2009}_72	Ok
{Chen_MSB2009}_{model_Chen_MSB2009}_73	Ok
{Chen_MSB2009}_{model_Chen_MSB2009}_74	Ok
{Chen_MSB2009}_{model_Chen_MSB2009}_75	Ok
{Chen_MSB2009}_{model_Chen_MSB2009}_76	Ok
{Chen_MSB2009}_{model_Chen_MSB2009}_77	Ok
{Chen_MSB2009}_{model_Chen_MSB2009}_78	Ok
{Chen_MSB2009}_{model_Chen_MSB2009}_79	Ok
{Chen_MSB2009}_{model_Chen_MSB2009}_80	Ok
{Chen_MSB2009}_{model_Chen_MSB2009}_81	Ok
{Chen_MSB2009}_{model_Chen_MSB2009}_82	Ok
{Chen_MSB2009}_{model_Chen_MSB2009}_83	Ok
{Chen_MSB2009}_{model_Chen_MSB2009}_84	Ok
{Chen_MSB2009}_{model_Chen_MSB2009}_85	Ok
{Chen_MSB2009}_{model_Chen_MSB2009}_86	Ok
{Chen_MSB2009}_{model_Chen_MSB2009}_87	Ok
{Chen_MSB2009}_{model_Chen_MSB2009}_88	Ok
{Chen_MSB2009}_{model_Chen_MSB2009}_89	Ok
{Chen_MSB2009}_{model_Chen_MSB2009}_90	Ok
{Chen_MSB2009}_{model_Chen_MSB2009}_91	Ok
{Chen_MSB2009}_{model_Chen_MSB2009}_92	Ok
{Chen_MSB2009}_{model_Chen_MSB2009}_93	Ok
{Chen_MSB2009}_{model_Chen_MSB2009}_94	Ok
{Chen_MSB2009}_{model_Chen_MSB2009}_95	Ok
{Chen_MSB2009}_{model_Chen_MSB2009}_96	Ok
{Chen_MSB2009}_{model_Chen_MSB2009}_97	Ok
{Chen_MSB2009}_{model_Chen_MSB2009}_98	Ok
{Chen_MSB2009}_{model_Chen_MSB2009}_99	Ok
{Chen_MSB2009}_{model_Chen_MSB2009}_100	Ok
{Chen_MSB2009}_{model_Chen_MSB2009}_101	Ok
{Chen_MSB2009}_{model_Chen_MSB2009}_102	Ok
{Chen_MSB2009}_{model_Chen_MSB2009}_103	Ok
{Chen_MSB2009}_{model_Chen_MSB2009}_104	Ok
{Chen_MSB2009}_{model_Chen_MSB2009}_105	Ok
{Chen_MSB2009}_{model_Chen_MSB2009}_106	Ok
{Chen_MSB2009}_{model_Chen_MSB2009}_107	Ok
{Chen_MSB2009}_{model_Chen_MSB2009}_108	Ok
{Chen_MSB2009}_{model_Chen_MSB2009}_109	Ok
{Chen_MSB2009}_{model_Chen_MSB2009}_110	Ok
{Chen_MSB2009}_{model_Chen_MSB2009}_111	Ok
{Chen_MSB2009}_{model_Chen_MSB2009}_112	Ok
{Chen_MSB2009}_{model_Chen_MSB2009}_113	Ok
{Chen_MSB2009}_{model_Chen_MSB2009}_114	Ok
{Chen_MSB2009}_{model_Chen_MSB2009}_115	Ok
{Chen_MSB2009}_{model_Chen_MSB2009}_116	Ok
{Chen_MSB2009}_{model_Chen_MSB2009}_117	Ok
{Chen_MSB2009}_{model_Chen_MSB2009}_118	Ok
{Chen_MSB2009}_{model_Chen_MSB2009}_119	Ok
{Chen_MSB2009}_{model_Chen_MSB2009}_120	Ok
{Chen_MSB2009}_{model_Chen_MSB2009}_121	Ok
{Chen_MSB2009}_{model_Chen_MSB2009}_122	Ok
{Chen_MSB2009}_{model_Chen_MSB2009}_123	Ok
{Chen_MSB2009}_{model_Chen_MSB2009}_124	Ok
{Chen_MSB2009}_{model_Chen_MSB2009}_125	Ok
{Chen_MSB2009}_{model_Chen_MSB2009}_126	Ok
{Chen_MSB2009}_{model_Chen_MSB2009}_127	Ok
{Chen_MSB2009}_{model_Chen_MSB2009}_128	Ok
{Chen_MSB2009}_{model_Chen_MSB2009}_129	Ok
{Chen_MSB2009}_{model_Chen_MSB2009}_130	Ok
{Chen_MSB2009}_{model_Chen_MSB2009}_131	Ok
{Chen_MSB2009}_{model_Chen_MSB2009}_132	Ok
{Chen_MSB2009}_{model_Chen_MSB2009}_133	Ok
{Chen_MSB2009}_{model_Chen_MSB2009}_134	Ok
{Chen_MSB2009}_{model_Chen_MSB2009}_135	Ok
{Chen_MSB2009}_{model_Chen_MSB2009}_136	Ok
{Chen_MSB2009}_{model_Chen_MSB2009}_137	Ok
{Chen_MSB2009}_{model_Chen_MSB2009}_138	Ok
{Chen_MSB2009}_{model_Chen_MSB2009}_139	Ok
{Chen_MSB2009}_{model_Chen_MSB2009}_140	Ok
{Chen_MSB2009}_{model_Chen_MSB2009}_141	Ok
{Chen_MSB2009}_{model_Chen_MSB2009}_142	Ok
{Chen_MSB2009}_{model_Chen_MSB2009}_143	Ok
{Chen_MSB2009}_{model_Chen_MSB2009}_144	Ok
{Chen_MSB2009}_{model_Chen_MSB2009}_145	Ok
{Chen_MSB2009}_{model_Chen_MSB2009}_146	Ok
{Chen_MSB2009}_{model_Chen_MSB2009}_147	Ok
{Chen_MSB2009}_{model_Chen_MSB2009}_148	Ok
{Chen_MSB2009}_{model_Chen_MSB2009}_149	Ok
{Chen_MSB2009}_{model_Chen_MSB2009}_150	Ok
{Chen_MSB2009}_{model_Chen_MSB2009}_151	Ok
{Chen_MSB2009}_{model_Chen_MSB2009}_152	Ok
{Chen_MSB2009}_{model_Chen_MSB2009}_153	Ok
{Chen_MSB2009}_{model_Chen_MSB2009}_154	Ok
{Chen_MSB2009}_{model_Chen_MSB2009}_155	Ok
{Chen_MSB2009}_{model_Chen_MSB2009}_156	Ok
{Chen_MSB2009}_{model_Chen_MSB2009}_157	Ok
{Chen_MSB2009}_{model_Chen_MSB2009}_158	Ok
{Chen_MSB2009}_{model_Chen_MSB2009}_159	Ok
{Chen_MSB2009}_{model_Chen_MSB2009}_160	Ok
{Chen_MSB2009}_{model_Chen_MSB2009}_161	Ok
{Chen_MSB2009}_{model_Chen_MSB2009}_162	Ok
{Chen_MSB2009}_{model_Chen_MSB2009}_163	Ok
{Chen_MSB2009}_{model_Chen_MSB2009}_164	Ok
{Chen_MSB2009}_{model_Chen_MSB2009}_165	Ok
{Chen_MSB2009}_{model_Chen_MSB2009}_166	Ok
{Chen_MSB2009}_{model_Chen_MSB2009}_167	Ok
{Chen_MSB2009}_{model_Chen_MSB2009}_168	Ok
{Chen_MSB2009}_{model_Chen_MSB2009}_169	Ok
{Chen_MSB2009}_{model_Chen_MSB2009}_170	Ok
{Chen_MSB2009}_{model_Chen_MSB2009}_171	Ok
{Chen_MSB2009}_{model_Chen_MSB2009}_172	Ok
{Chen_MSB2009}_{model_Chen_MSB2009}_173	Ok
{Chen_MSB2009}_{model_Chen_MSB2009}_174	Ok
{Chen_MSB2009}_{model_Chen_MSB2009}_175	Ok
{Chen_MSB2009}_{model_Chen_MSB2009}_176	Ok
{Chen_MSB2009}_{model_Chen_MSB2009}_177	Ok
{Chen_MSB2009}_{model_Chen_MSB2009}_178	Ok
{Chen_MSB2009}_{model_Chen_MSB2009}_179	Ok
{Chen_MSB2009}_{model_Chen_MSB2009}_180	Ok
{Chen_MSB2009}_{model_Chen_MSB2009}_181	Ok
{Chen_MSB2009}_{model_Chen_MSB2009}_182	Ok
{Chen_MSB2009}_{model_Chen_MSB2009}_183	Ok
{Chen_MSB2009}_{model_Chen_MSB2009}_184	Ok
{Chen_MSB2009}_{model_Chen_MSB2009}_185	Ok
{Chen_MSB2009}_{model_Chen_MSB2009}_186	Ok
{Chen_MSB2009}_{model_Chen_MSB2009}_187	Ok
{Chen_MSB2009}_{model_Chen_MSB2009}_188	Ok
{Chen_MSB2009}_{model_Chen_MSB2009}_189	Ok
{Chen_MSB2009}_{model_Chen_MSB2009}_190	Ok
{Chen_MSB2009}_{model_Chen_MSB2009}_191	Ok
{Chen_MSB2009}_{model_Chen_MSB2009}_192	Ok
{Chen_MSB2009}_{model_Chen_MSB2009}_193	Ok
{Chen_MSB2009}_{model_Chen_MSB2009}_194	Ok
{Chen_MSB2009}_{model_Chen_MSB2009}_195	Ok
{Chen_MSB2009}_{model_Chen_MSB2009}_196	Ok
{Chen_MSB2009}_{model_Chen_MSB2009}_197	Ok
{Chen_MSB2009}_{model_Chen_MSB2009}_198	Ok
{Chen_MSB2009}_{model_Chen_MSB2009}_199	Ok
{Chen_MSB2009}_{model_Chen_MSB2009}_200	Ok
{Chen_MSB2009}_{model_Chen_MSB2009}_201	Ok
{Chen_MSB2009}_{model_Chen_MSB2009}_202	Ok
{Chen_MSB2009}_{model_Chen_MSB2009}_203	Ok
{Chen_MSB2009}_{model_Chen_MSB2009}_204	Ok
{Chen_MSB2009}_{model_Chen_MSB2009}_205	Ok
{Chen_MSB2009}_{model_Chen_MSB2009}_206	Ok
{Chen_MSB2009}_{model_Chen_MSB2009}_207	Ok
{Chen_MSB2009}_{model_Chen_MSB2009}_208	Ok
{Chen_MSB2009}_{model_Chen_MSB2009}_209	Ok
{Chen_MSB2009}_{model_Chen_MSB2009}_210	Ok
{Chen_MSB2009}_{model_Chen_MSB2009}_211	Ok
{Chen_MSB2009}_{model_Chen_MSB2009}_212	Ok
{Chen_MSB2009}_{model_Chen_MSB2009}_213	Ok
{Chen_MSB2009}_{model_Chen_MSB2009}_214	Ok
{Chen_MSB2009}_{model_Chen_MSB2009}_215	Ok
{Chen_MSB2009}_{model_Chen_MSB2009}_216	Ok
{Chen_MSB2009}_{model_Chen_MSB2009}_217	Ok
{Chen_MSB2009}_{model_Chen_MSB2009}_218	Ok
{Chen_MSB2009}_{model_Chen_MSB2009}_219	Ok
{Chen_MSB2009}_{model_Chen_MSB2009}_220	Ok
{Chen_MSB2009}_{model_Chen_MSB2009}_221	Ok
{Chen_MSB2009}_{model_Chen_MSB2009}_222	Ok
{Chen_MSB2009}_{model_Chen_MSB2009}_223	Ok
{Chen_MSB2009}_{model_Chen_MSB2009}_224	Ok
{Chen_MSB2009}_{model_Chen_MSB2009}_225	Ok
{Chen_MSB2009}_{model_Chen_MSB2009}_226	Ok
{Chen_MSB2009}_{model_Chen_MSB2009}_227	Ok
{Chen_MSB2009}_{model_Chen_MSB2009}_228	Ok
{Chen_MSB2009}_{model_Chen_MSB2009}_229	Ok
{Chen_MSB2009}_{model_Chen_MSB2009}_230	Ok
{Chen_MSB2009}_{model_Chen_MSB2009}_231	Ok
{Chen_MSB2009}_{model_Chen_MSB2009}_232	Ok
{Chen_MSB2009}_{model_Chen_MSB2009}_233	Ok
{Chen_MSB2009}_{model_Chen_MSB2009}_234	Ok
{Chen_MSB2009}_{model_Chen_MSB2009}_235	Ok
{Chen_MSB2009}_{model_Chen_MSB2009}_236	Ok
{Chen_MSB2009}_{model_Chen_MSB2009}_237	Ok
{Chen_MSB2009}_{model_Chen_MSB2009}_238	Ok
{Chen_MSB2009}_{model_Chen_MSB2009}_239	Ok
{Chen_MSB2009}_{model_Chen_MSB2009}_240	Ok
{Chen_MSB2009}_{model_Chen_MSB2009}_241	Ok
{Chen_MSB2009}_{model_Chen_MSB2009}_242	Ok
{Chen_MSB2009}_{model_Chen_MSB2009}_243	Ok
{Chen_MSB2009}_{model_Chen_MSB2009}_244	Ok
{Chen_MSB2009}_{model_Chen_MSB2009}_245	Ok
{Chen_MSB2009}_{model_Chen_MSB2009}_246	Ok
{Chen_MSB2009}_{model_Chen_MSB2009}_247	Ok
{Chen_MSB2009}_{model_Chen_MSB2009}_248	Ok
{Chen_MSB2009}_{model_Chen_MSB2009}_249	Ok
{Chen_MSB2009}_{model_Chen_MSB2009}_250	Ok
{Chen_MSB2009}_{model_Chen_MSB2009}_251	Ok
{Chen_MSB2009}_{model_Chen_MSB2009}_252	Ok
{Chen_MSB2009}_{model_Chen_MSB2009}_253	Ok
{Chen_MSB2009}_{model_Chen_MSB2009}_254	Ok
{Chen_MSB2009}_{model_Chen_MSB2009}_255	Ok
{Chen_MSB2009}_{model_Chen_MSB2009}_256	Ok
{Chen_MSB2009}_{model_Chen_MSB2009}_257	Ok
{Chen_MSB2009}_{model_Chen_MSB2009}_258	Ok
{Chen_MSB2009}_{model_Chen_MSB2009}_259	Ok
{Chen_MSB2009}_{model_Chen_MSB2009}_260	Ok
{Chen_MSB2009}_{model_Chen_MSB2009}_261	Ok
{Chen_MSB2009}_{model_Chen_MSB2009}_262	Ok
{Chen_MSB2009}_{model_Chen_MSB2009}_263	Ok
{Chen_MSB2009}_{model_Chen_MSB2009}_264	Ok
{Chen_MSB2009}_{model_Chen_MSB2009}_265	Ok
{Chen_MSB2009}_{model_Chen_MSB2009}_266	Ok
{Chen_MSB2009}_{model_Chen_MSB2009}_267	Ok
{Chen_MSB2009}_{model_Chen_MSB2009}_268	Ok
{Chen_MSB2009}_{model_Chen_MSB2009}_269	Ok
{Chen_MSB2009}_{model_Chen_MSB2009}_270	Ok
{Chen_MSB2009}_{model_Chen_MSB2009}_271	Ok
{Chen_MSB2009}_{model_Chen_MSB2009}_272	Ok
{Chen_MSB2009}_{model_Chen_MSB2009}_273	Ok
{Chen_MSB2009}_{model_Chen_MSB2009}_274	Ok
{Chen_MSB2009}_{model_Chen_MSB2009}_275	Ok
{Chen_MSB2009}_{model_Chen_MSB2009}_276	Ok
{Chen_MSB2009}_{model_Chen_MSB2009}_277	Ok
{Chen_MSB2009}_{model_Chen_MSB2009}_278	Ok
{Chen_MSB2009}_{model_Chen_MSB2009}_279	Ok
{Chen_MSB2009}_{model_Chen_MSB2009}_280	Ok
{Chen_MSB2009}_{model_Chen_MSB2009}_281	Ok
{Chen_MSB2009}_{model_Chen_MSB2009}_282	Ok
{Chen_MSB2009}_{model_Chen_MSB2009}_283	Ok
{Chen_MSB2009}_{model_Chen_MSB2009}_284	Ok
{Chen_MSB2009}_{model_Chen_MSB2009}_285	Ok
{Chen_MSB2009}_{model_Chen_MSB2009}_286	Ok
{Chen_MSB2009}_{model_Chen_MSB2009}_287	Ok
{Chen_MSB2009}_{model_Chen_MSB2009}_288	Ok
{Chen_MSB2009}_{model_Chen_MSB2009}_289	Ok
{Chen_MSB2009}_{model_Chen_MSB2009}_290	Ok
{Chen_MSB2009}_{model_Chen_MSB2009}_291	Ok
{Chen_MSB2009}_{model_Chen_MSB2009}_292	Ok
{Chen_MSB2009}_{model_Chen_MSB2009}_293	Ok
{Chen_MSB2009}_{model_Chen_MSB2009}_294	Ok
{Chen_MSB2009}_{model_Chen_MSB2009}_295	Ok
{Chen_MSB2009}_{model_Chen_MSB2009}_296	Ok
{Chen_MSB2009}_{model_Chen_MSB2009}_297	Ok
{Chen_MSB2009}_{model_Chen_MSB2009}_298	Ok
{Chen_MSB2009}_{model_Chen_MSB2009}_299	Ok
{Chen_MSB2009}_{model_Chen_MSB2009}_300	Ok
{Chen_MSB2009}_{model_Chen_MSB2009}_301	Ok
{Chen_MSB2009}_{model_Chen_MSB2009}_302	Ok
{Chen_MSB2009}_{model_Chen_MSB2009}_303	Ok
{Chen_MSB2009}_{model_Chen_MSB2009}_304	Ok
{Chen_MSB2009}_{model_Chen_MSB2009}_305	Ok
{Chen_MSB2009}_{model_Chen_MSB2009}_306	Ok
{Chen_MSB2009}_{model_Chen_MSB2009}_307	Ok
{Chen_MSB2009}_{model_Chen_MSB2009}_308	Ok
{Chen_MSB2009}_{model_Chen_MSB2009}_309	Ok
{Chen_MSB2009}_{model_Chen_MSB2009}_310	Ok
{Chen_MSB2009}_{model_Chen_MSB2009}_311	Ok
{Chen_MSB2009}_{model_Chen_MSB2009}_312	Ok
{Chen_MSB2009}_{model_Chen_MSB2009}_313	Ok
{Chen_MSB2009}_{model_Chen_MSB2009}_314	Ok
{Chen_MSB2009}_{model_Chen_MSB2009}_315	Ok
{Chen_MSB2009}_{model_Chen_MSB2009}_316	Ok
{Chen_MSB2009}_{model_Chen_MSB2009}_317	Ok
{Chen_MSB2009}_{model_Chen_MSB2009}_318	Ok
{Chen_MSB2009}_{model_Chen_MSB2009}_319	Ok
{Chen_MSB2009}_{model_Chen_MSB2009}_320	Ok
{Chen_MSB2009}_{model_Chen_MSB2009}_321	Ok
{Chen_MSB2009}_{model_Chen_MSB2009}_322	Ok
{Chen_MSB2009}_{model_Chen_MSB2009}_323	Ok
{Chen_MSB2009}_{model_Chen_MSB2009}_324	Ok
{Chen_MSB2009}_{model_Chen_MSB2009}_325	Ok
{Chen_MSB2009}_{model_Chen_MSB2009}_326	Ok
{Chen_MSB2009}_{model_Chen_MSB2009}_327	Ok
{Chen_MSB2009}_{model_Chen_MSB2009}_328	Ok
{Chen_MSB2009}_{model_Chen_MSB2009}_329	Ok
{Chen_MSB2009}_{model_Chen_MSB2009}_330	Ok
{Chen_MSB2009}_{model_Chen_MSB2009}_331	Ok
{Chen_MSB2009}_{model_Chen_MSB2009}_332	Ok
{Chen_MSB2009}_{model_Chen_MSB2009}_333	Ok
{Chen_MSB2009}_{model_Chen_MSB2009}_334	Ok
{Chen_MSB2009}_{model_Chen_MSB2009}_335	Ok
{Chen_MSB2009}_{model_Chen_MSB2009}_336	Ok
{Chen_MSB2009}_{model_Chen_MSB2009}_337	Ok
{Chen_MSB2009}_{model_Chen_MSB2009}_338	Ok
{Chen_MSB2009}_{model_Chen_MSB2009}_339	Ok
{Chen_MSB2009}_{model_Chen_MSB2009}_340	Ok
{Chen_MSB2009}_{model_Chen_MSB2009}_341	Ok
{Chen_MSB2009}_{model_Chen_MSB2009}_342	Ok
{Chen_MSB2009}_{model_Chen_MSB2009}_343	Ok
{Chen_MSB2009}_{model_Chen_MSB2009}_344	Ok
{Chen_MSB2009}_{model_Chen_MSB2009}_345	Ok
{Chen_MSB2009}_{model_Chen_MSB2009}_346	Ok
{Chen_MSB2009}_{model_Chen_MSB2009}_347	Ok
{Chen_MSB2009}_{model_Chen_MSB2009}_348	Ok
{Chen_MSB2009}_{model_Chen_MSB2009}_349	Ok
{Chen_MSB2009}_{model_Chen_MSB2009}_350	Ok
{Chen_MSB2009}_{model_Chen_MSB2009}_351	Ok
{Chen_MSB2009}_{model_Chen_MSB2009}_352	Ok
{Chen_MSB2009}_{model_Chen_MSB2009}_353	Ok
{Chen_MSB2009}_{model_Chen_MSB2009}_354	Ok
{Chen_MSB2009}_{model_Chen_MSB2009}_355	Ok
{Chen_MSB2009}_{model_Chen_MSB2009}_356	Ok
{Chen_MSB2009}_{model_Chen_MSB2009}_357	Ok
{Chen_MSB2009}_{model_Chen_MSB2009}_358	Ok
{Chen_MSB2009}_{model_Chen_MSB2009}_359	Ok
{Chen_MSB2009}_{model_Chen_MSB2009}_360	Ok
{Chen_MSB2009}_{model_Chen_MSB2009}_361	Ok
{Chen_MSB2009}_{model_Chen_MSB2009}_362	Ok
{Chen_MSB2009}_{model_Chen_MSB2009}_363	Ok
{Chen_MSB2009}_{model_Chen_MSB2009}_364	Ok
{Chen_MSB2009}_{model_Chen_MSB2009}_365	Ok
{Chen_MSB2009}_{model_Chen_MSB2009}_366	Ok
{Chen_MSB2009}_{model_Chen_MSB2009}_367	Ok
{Chen_MSB2009}_{model_Chen_MSB2009}_368	Ok
{Chen_MSB2009}_{model_Chen_MSB2009}_369	Ok
{Chen_MSB2009}_{model_Chen_MSB2009}_370	Ok
{Chen_MSB2009}_{model_Chen_MSB2009}_371	Ok
{Chen_MSB2009}_{model_Chen_MSB2009}_372	Ok
{Chen_MSB2009}_{model_Chen_MSB2009}_373	Ok
{Chen_MSB2009}_{model_Chen_MSB2009}_374	Ok
{Chen_MSB2009}_{model_Chen_MSB2009}_375	Ok
{Chen_MSB2009}_{model_Chen_MSB2009}_376	Ok
{Chen_MSB2009}_{model_Chen_MSB2009}_377	Ok
{Chen_MSB2009}_{model_Chen_MSB2009}_378	Ok
{Chen_MSB2009}_{model_Chen_MSB2009}_379	Ok
{Chen_MSB2009}_{model_Chen_MSB2009}_380	Ok
{Chen_MSB2009}_{model_Chen_MSB2009}_381	Ok
{Chen_MSB2009}_{model_Chen_MSB2009}_382	Ok
{Chen_MSB2009}_{model_Chen_MSB2009}_383	Ok
{Chen_MSB2009}_{model_Chen_MSB2009}_384	Ok
{Chen_MSB2009}_{model_Chen_MSB2009}_385	Ok
{Chen_MSB2009}_{model_Chen_MSB2009}_386	Ok
{Chen_MSB2009}_{model_Chen_MSB2009}_387	Ok
{Chen_MSB2009}_{model_Chen_MSB2009}_388	Ok
{Chen_MSB2009}_{model_Chen_MSB2009}_389	Ok
{Chen_MSB2009}_{model_Chen_MSB2009}_390	Ok
{Chen_MSB2009}_{model_Chen_MSB2009}_391	Ok
{Chen_MSB2009}_{model_Chen_MSB2009}_392	Ok
{Chen_MSB2009}_{model_Chen_MSB2009}_393	Ok
{Chen_MSB2009}_{model_Chen_MSB2009}_394	Ok
{Chen_MSB2009}_{model_Chen_MSB2009}_395	Ok
{Chen_MSB2009}_{model_Chen_MSB2009}_396	Ok
{Chen_MSB2009}_{model_Chen_MSB2009}_397	Ok
{Chen_MSB2009}_{model_Chen_MSB2009}_398	Ok
{Chen_MSB2009}_{model_Chen_MSB2009}_399	Ok
{Chen_MSB2009}_{model_Chen_MSB2009}_400	Ok
{Chen_MSB2009}_{model_Chen_MSB2009}_401	Ok
{Chen_MSB2009}_{model_Chen_MSB2009}_402	Ok
{Chen_MSB2009}_{model_Chen_MSB2009}_403	Ok
{Chen_MSB2009}_{model_Chen_MSB2009}_404	Ok
{Chen_MSB2009}_{model_Chen_MSB2009}_405	Ok
{Chen_MSB2009}_{model_Chen_MSB2009}_406	Ok
{Chen_MSB2009}_{model_Chen_MSB2009}_407	Ok
{Chen_MSB2009}_{model_Chen_MSB2009}_408	Ok
{Chen_MSB2009}_{model_Chen_MSB2009}_409	Ok
{Chen_MSB2009}_{model_Chen_MSB2009}_410	Ok
{Chen_MSB2009}_{model_Chen_MSB2009}_411	Ok
{Chen_MSB2009}_{model_Chen_MSB2009}_412	Ok
{Chen_MSB2009}_{model_Chen_MSB2009}_413	Ok
{Chen_MSB2009}_{model_Chen_MSB2009}_414	Ok
{Chen_MSB2009}_{model_Chen_MSB2009}_415	Ok
{Chen_MSB2009}_{model_Chen_MSB2009}_416	Ok
{Chen_MSB2009}_{model_Chen_MSB2009}_417	Ok
{Chen_MSB2009}_{model_Chen_MSB2009}_418	Ok
{Chen_MSB2009}_{model_Chen_MSB2009}_419	Ok
{Chen_MSB2009}_{model_Chen_MSB2009}_420	Ok
{Chen_MSB2009}_{model_Chen_MSB2009}_421	Ok
{Chen_MSB2009}_{model_Chen_MSB2009}_422	Ok
{Chen_MSB2009}_{model_Chen_MSB2009}_423	Ok
{Chen_MSB2009}_{model_Chen_MSB2009}_424	Ok
{Chen_MSB2009}_{model_Chen_MSB2009}_425	Ok
{Chen_MSB2009}_{model_Chen_MSB2009}_426	Ok
{Chen_MSB2009}_{model_Chen_MSB2009}_427	Ok
{Chen_MSB2009}_{model_Chen_MSB2009}_428	Ok
{Chen_MSB2009}_{model_Chen_MSB2009}_429	Ok
{Chen_MSB2009}_{model_Chen_MSB2009}_430	Ok
{Chen_MSB2009}_{model_Chen_MSB2009}_431	Ok
{Chen_MSB2009}_{model_Chen_MSB2009}_432	Ok
{Chen_MSB2009}_{model_Chen_MSB2009}_433	Ok
{Chen_MSB2009}_{model_Chen_MSB2009}_434	Ok
{Chen_MSB2009}_{model_Chen_MSB2009}_435	Ok
{Chen_MSB2009}_{model_Chen_MSB2009}_436	Ok
{Chen_MSB2009}_{model_Chen_MSB2009}_437	Ok
{Chen_MSB2009}_{model_Chen_MSB2009}_438	Ok
{Chen_MSB2009}_{model_Chen_MSB2009}_439	Ok
{Chen_MSB2009}_{model_Chen_MSB2009}_440	Ok
{Chen_MSB2009}_{model_Chen_MSB2009}_441	Ok
{Chen_MSB2009}_{model_Chen_MSB2009}_442	Ok
{Chen_MSB2009}_{model_Chen_MSB2009}_443	Ok
{Chen_MSB2009}_{model_Chen_MSB2009}_444	Ok
{Chen_MSB2009}_{model_Chen_MSB2009}_445	Ok
{Chen_MSB2009}_{model_Chen_MSB2009}_446	Ok
{Chen_MSB2009}_{model_Chen_MSB2009}_447	Ok
{Chen_MSB2009}_{model_Chen_MSB2009}_448	Ok
{Chen_MSB2009}_{model_Chen_MSB2009}_449	Ok
{Chen_MSB2009}_{model_Chen_MSB2009}_450	Ok
{Chen_MSB2009}_{model_Chen_MSB2009}_451	Ok
{Chen_MSB2009}_{model_Chen_MSB2009}_452	Ok
{Chen_MSB2009}_{model_Chen_MSB2009}_453	Ok
{Chen_MSB2009}_{model_Chen_MSB2009}_454	Ok
{Chen_MSB2009}_{model_Chen_MSB2009}_455	Ok
{Chen_MSB2009}_{model_Chen_MSB2009}_456	Ok
{Chen_MSB2009}_{model_Chen_MSB2009}_457	Ok
{Chen_MSB2009}_{model_Chen_MSB2009}_458	Ok
{Chen_MSB2009}_{model_Chen_MSB2009}_459	Ok
{Chen_MSB2009}_{model_Chen_MSB2009}_460	Ok
{Chen_MSB2009}_{model_Chen_MSB2009}_461	Ok
{Chen_MSB2009}_{model_Chen_MSB2009}_462	Ok
{Chen_MSB2009}_{model_Chen_MSB2009}_463	Ok
{Chen_MSB2009}_{model_Chen_MSB2009}_464	Ok
{Chen_MSB2009}_{model_Chen_MSB2009}_465	Ok
{Chen_MSB2009}_{model_Chen_MSB2009}_466	Ok
{Chen_MSB2009}_{model_Chen_MSB2009}_467	Ok
{Chen_MSB2009}_{model_Chen_MSB2009}_468	Ok
{Chen_MSB2009}_{model_Chen_MSB2009}_469	Ok
{Chen_MSB2009}_{model_Chen_MSB2009}_470	Ok
{Chen_MSB2009}_{model_Chen_MSB2009}_471	Ok
{Chen_MSB2009}_{model_Chen_MSB2009}_472	Ok
{Chen_MSB2009}_{model_Chen_MSB2009}_473	Ok
{Chen_MSB2009}_{model_Chen_MSB2009}_474	Ok
{Chen_MSB2009}_{model_Chen_MSB2009}_475	Ok
{Chen_MSB2009}_{model_Chen_MSB2009}_476	Ok
{Chen_MSB2009}_{model_Chen_MSB2009}_477	Ok
{Chen_MSB2009}_{model_Chen_MSB2009}_478	Ok
{Chen_MSB2009}_{model_Chen_MSB2009}_479	Ok
{Chen_MSB2009}_{model_Chen_MSB2009}_480	Ok
{Chen_MSB2009}_{model_Chen_MSB2009}_481	Ok
{Chen_MSB2009}_{model_Chen_MSB2009}_482	Ok
{Chen_MSB2009}_{model_Chen_MSB2009}_483	Ok
{Chen_MSB2009}_{model_Chen_MSB2009}_484	Ok
{Chen_MSB2009}_{model_Chen_MSB2009}_485	Ok
{Chen_MSB2009}_{model_Chen_MSB2009}_486	Ok
{Chen_MSB2009}_{model_Chen_MSB2009}_487	Ok
{Chen_MSB2009}_{model_Chen_MSB2009}_488	Ok
{Chen_MSB2009}_{model_Chen_MSB2009}_489	Ok
{Chen_MSB2009}_{model_Chen_MSB2009}_490	Ok
{Chen_MSB2009}_{model_Chen_MSB2009}_491	Ok
{Chen_MSB2009}_{model_Chen_MSB2009}_492	Ok
{Chen_MSB2009}_{model_Chen_MSB2009}_493	Ok
{Chen_MSB2009}_{model_Chen_MSB2009}_494	Ok
{Chen_MSB2009}_{model_Chen_MSB2009}_495	Ok
{Chen_MSB2009}_{model_Chen_MSB2009}_496	Ok
{Chen_MSB2009}_{model_Chen_MSB2009}_497	Ok
{Chen_MSB2009}_{model_Chen_MSB2009}_498	Ok
{Chen_MSB2009}_{model_Chen_MSB2009}_499	Ok
{Chen_MSB2009}_{model_Chen_MSB2009}_500	Ok
{Chen_MSB2009}_{model_Chen_MSB2009}_501	Ok
{Chen_MSB2009}_{model_Chen_MSB2009}_502	Ok
{Chen_MSB2009}_{model_Chen_MSB2009}_503	Ok
{Chen_MSB2009}_{model_Chen_MSB2009}_504	Ok
{Chen_MSB2009}_{model_Chen_MSB2009}_505	Ok
{Chen_MSB2009}_{model_Chen_MSB2009}_506	Ok
{Chen_MSB2009}_{model_Chen_MSB2009}_507	Ok
{Chen_MSB2009}_{model_Chen_MSB2009}_508	Ok
{Chen_MSB2009}_{model_Chen_MSB2009}_509	Ok
{Chen_MSB2009}_{model_Chen_MSB2009}_510	Ok
{Chen_MSB2009}_{model_Chen_MSB2009}_511	Ok
{Chen_MSB2009}_{model_Chen_MSB2009}_512	Ok
{Chen_MSB2009}_{model_Chen_MSB2009}_513	Ok
{Chen_MSB2009}_{model_Chen_MSB2009}_514	Ok
{Chen_MSB2009}_{model_Chen_MSB2009}_515	Ok
{Chen_MSB2009}_{model_Chen_MSB2009}_516	Ok
{Chen_MSB2009}_{model_Chen_MSB2009}_517	Ok
{Chen_MSB2009}_{model_Chen_MSB2009}_518	Ok
{Chen_MSB2009}_{model_Chen_MSB2009}_519	Ok
{Chen_MSB2009}_{model_Chen_MSB2009}_520	Ok
{Chen_MSB2009}_{model_Chen_MSB2009}_521	Ok
{Chen_MSB2009}_{model_Chen_MSB2009}_522	Ok
{Chen_MSB2009}_{model_Chen_MSB2009}_523	Ok
{Chen_MSB2009}_{model_Chen_MSB2009}_524	Ok
{Chen_MSB2009}_{model_Chen_MSB2009}_525	Ok
{Chen_MSB2009}_{model_Chen_MSB2009}_526	Ok
{Chen_MSB2009}_{model_Chen_MSB2009}_527	Ok
{Chen_MSB2009}_{model_Chen_MSB2009}_528	Ok
{Chen_MSB2009}_{model_Chen_MSB2009}_529	Ok
{Chen_MSB2009}_{model_Chen_MSB2009}_530	Ok
{Chen_MSB2009}_{model_Chen_MSB2009}_531	Ok
{Chen_MSB2009}_{model_Chen_MSB2009}_532	Ok
{Chen_MSB2009}_{model_Chen_MSB2009}_533	Ok
{Chen_MSB2009}_{model_Chen_MSB2009}_534	Ok
{Chen_MSB2009}_{model_Chen_MSB2009}_535	Ok
{Chen_MSB2009}_{model_Chen_MSB2009}_536	Ok
{Chen_MSB2009}_{model_Chen_MSB2009}_537	Ok
{Chen_MSB2009}_{model_Chen_MSB2009}_538	Ok
{Chen_MSB2009}_{model_Chen_MSB2009}_539	Ok
{Chen_MSB2009}_{model_Chen_MSB2009}_540	Ok
{Chen_MSB2009}_{model_Chen_MSB2009}_541	Ok
{Chen_MSB2009}_{model_Chen_MSB2009}_542	Ok
{Chen_MSB2009}_{model_Chen_MSB2009}_543	Ok
{Chen_MSB2009}_{model_Chen_MSB2009}_544	Ok
{Chen_MSB2009}_{model_Chen_MSB2009}_545	Ok
{Chen_MSB2009}_{model_Chen_MSB2009}_546	Ok
{Chen_MSB2009}_{model_Chen_MSB2009}_547	Ok
{Chen_MSB2009}_{model_Chen_MSB2009}_548	Ok
{Chen_MSB2009}_{model_Chen_MSB2009}_549	Ok
{Chen_MSB2009}_{model_Chen_MSB2009}_550	Ok
{Chen_MSB2009}_{model_Chen_MSB2009}_551	Ok
{Chen_MSB2009}_{model_Chen_MSB2009}_552	Ok
{Chen_MSB2009}_{model_Chen_MSB2009}_553	Ok
{Chen_MSB2009}_{model_Chen_MSB2009}_554	Ok
{Chen_MSB2009}_{model_Chen_MSB2009}_555	Ok
{Chen_MSB2009}_{model_Chen_MSB2009}_556	Ok
{Chen_MSB2009}_{model_Chen_MSB2009}_557	Ok
{Chen_MSB2009}_{model_Chen_MSB2009}_558	Ok
{Chen_MSB2009}_{model_Chen_MSB2009}_559	Ok
{Chen_MSB2009}_{model_Chen_MSB2009}_560	Ok
{Chen_MSB2009}_{model_Chen_MSB2009}_561	Ok
{Chen_MSB2009}_{model_Chen_MSB2009}_562	Ok
{Chen_MSB2009}_{model_Chen_MSB2009}_563	Ok
{Chen_MSB2009}_{model_Chen_MSB2009}_564	Ok
{Chen_MSB2009}_{model_Chen_MSB2009}_565	Ok
{Chen_MSB2009}_{model_Chen_MSB2009}_566	Ok
{Chen_MSB2009}_{model_Chen_MSB2009}_567	Ok
{Chen_MSB2009}_{model_Chen_MSB2009}_568	Ok
{Chen_MSB2009}_{model_Chen_MSB2009}_569	Ok
{Chen_MSB2009}_{model_Chen_MSB2009}_570	Ok
{Chen_MSB2009}_{model_Chen_MSB2009}_571	Ok
{Chen_MSB2009}_{model_Chen_MSB2009}_572	Ok
{Chen_MSB2009}_{model_Chen_MSB2009}_573	Ok
{Chen_MSB2009}_{model_Chen_MSB2009}_574	Ok
{Chen_MSB2009}_{model_Chen_MSB2009}_575	Ok
{Chen_MSB2009}_{model_Chen_MSB2009}_576	Ok
{Chen_MSB2009}_{model_Chen_MSB2009}_577	Ok
{Chen_MSB2009}_{model_Chen_MSB2009}_578	Ok
{Chen_MSB2009}_{model_Chen_MSB2009}_579	Ok
{Chen_MSB2009}_{model_Chen_MSB2009}_580	Ok
{Chen_MSB2009}_{model_Chen_MSB2009}_581	Ok
{Chen_MSB2009}_{model_Chen_MSB2009}_582	Ok
{Chen_MSB2009}_{model_Chen_MSB2009}_583	Ok
{Chen_MSB2009}_{model_Chen_MSB2009}_584	Ok
{Chen_MSB2009}_{model_Chen_MSB2009}_585	Ok
{Chen_MSB2009}_{model_Chen_MSB2009}_586	Ok
{Chen_MSB2009}_{model_Chen_MSB2009}_587	Ok
{Chen_MSB2009}_{model_Chen_MSB2009}_588	Ok
{Chen_MSB2009}_{model_Chen_MSB2009}_589	Ok
{Chen_MSB2009}_{model_Chen_MSB2009}_590	Ok
{Chen_MSB2009}_{model_Chen_MSB2009}_591	Ok
{Chen_MSB2009}_{model_Chen_MSB2009}_592	Ok
{Chen_MSB2009}_{model_Chen_MSB2009}_593	Ok
{Chen_MSB2009}_{model_Chen_MSB2009}_594	Ok
{Chen_MSB2009}_{model_Chen_MSB2009}_595	Ok
{Chen_MSB2009}_{model_Chen_MSB2009}_596	Ok
{Chen_MSB2009}_{model_Chen_MSB2009}_597	Ok
{Chen_MSB2009}_{model_Chen_MSB2009}_598	Ok
{Chen_MSB2009}_{model_Chen_MSB2009}_599	Ok
{Chen_MSB2009}_{model_Chen_MSB2009}_600	Ok
{Chen_MSB2009}_{model_Chen_MSB2009}_601	Ok
{Chen_MSB2009}_{model_Chen_MSB2009}_602	Ok
{Chen_MSB2009}_{model_Chen_MSB2009}_603	Ok
{Chen_MSB2009}_{model_Chen_MSB2009}_604	Ok
{Chen_MSB2009}_{model_Chen_MSB2009}_605	Ok
{Chen_MSB2009}_{model_Chen_MSB2009}_606	Ok
{Chen_MSB2009}_{model_Chen_MSB2009}_607	Ok
{Chen_MSB2009}_{model_Chen_MSB2009}_608	Ok
{Chen_MSB2009}_{model_Chen_MSB2009}_609	Ok
{Chen_MSB2009}_{model_Chen_MSB2009}_610	Ok
{Chen_MSB2009}_{model_Chen_MSB2009}_611	Ok
{Chen_MSB2009}_{model_Chen_MSB2009}_612	Ok
{Chen_MSB2009}_{model_Chen_MSB2009}_613	Ok
{Chen_MSB2009}_{model_Chen_MSB2009}_614	Ok
{Chen_MSB2009}_{model_Chen_MSB2009}_615	Ok
{Chen_MSB2009}_{model_Chen_MSB2009}_616	Ok
{Chen_MSB2009}_{model_Chen_MSB2009}_617	Ok
{Chen_MSB2009}_{model_Chen_MSB2009}_618	Ok
{Chen_MSB2009}_{model_Chen_MSB2009}_619	Ok
{Chen_MSB2009}_{model_Chen_MSB2009}_620	Ok
{Chen_MSB2009}_{model_Chen_MSB2009}_621	Ok
{Chen_MSB2009}_{model_Chen_MSB2009}_622	Ok
{Chen_MSB2009}_{model_Chen_MSB2009}_623	Ok
{Chen_MSB2009}_{model_Chen_MSB2009}_624	Ok
{Chen_MSB2009}_{model_Chen_MSB2009}_625	Ok
{Chen_MSB2009}_{model_Chen_MSB2009}_626	Ok
{Chen_MSB2009}_{model_Chen_MSB2009}_627	Ok
{Chen_MSB2009}_{model_Chen_MSB2009}_628	Ok
{Chen_MSB2009}_{model_Chen_MSB2009}_629	Ok
{Chen_MSB2009}_{model_Chen_MSB2009}_630	Ok
{Chen_MSB2009}_{model_Chen_MSB2009}_631	Ok
{Chen_MSB2009}_{model_Chen_MSB2009}_632	Ok
{Chen_MSB2009}_{model_Chen_MSB2009}_633	Ok
{Chen_MSB2009}_{model_Chen_MSB2009}_634	Ok
{Chen_MSB2009}_{model_Chen_MSB2009}_635	Ok
{Chen_MSB2009}_{model_Chen_MSB2009}_636	Ok
{Chen_MSB2009}_{model_Chen_MSB2009}_637	Ok
{Chen_MSB2009}_{model_Chen_MSB2009}_638	Ok
{Chen_MSB2009}_{model_Chen_MSB2009}_639	Ok
{Chen_MSB2009}_{model_Chen_MSB2009}_640	Ok
{Chen_MSB2009}_{model_Chen_MSB2009}_641	Ok
{Chen_MSB2009}_{model_Chen_MSB2009}_642	Ok
{Chen_MSB2009}_{model_Chen_MSB2009}_643	Ok
{Chen_MSB2009}_{model_Chen_MSB2009}_644	Ok
{Chen_MSB2009}_{model_Chen_MSB2009}_645	Ok
{Chen_MSB2009}_{model_Chen_MSB2009}_646	Ok
{Chen_MSB2009}_{model_Chen_MSB2009}_647	Ok
{Chen_MSB2009}_{model_Chen_MSB2009}_648	Ok
{Chen_MSB2009}_{model_Chen_MSB2009}_649	Ok
{Chen_MSB2009}_{model_Chen_MSB2009}_650	Ok
{Chen_MSB2009}_{model_Chen_MSB2009}_651	Ok
{Chen_MSB2009}_{model_Chen_MSB2009}_652	Ok
{Chen_MSB2009}_{model_Chen_MSB2009}_653	Ok
{Chen_MSB2009}_{model_Chen_MSB2009}_654	Ok
{Chen_MSB2009}_{model_Chen_MSB2009}_655	Ok
{Chen_MSB2009}_{model_Chen_MSB2009}_656	Ok
{Chen_MSB2009}_{model_Chen_MSB2009}_657	Ok
{Chen_MSB2009}_{model_Chen_MSB2009}_658	Ok
{Chen_MSB2009}_{model_Chen_MSB2009}_659	Ok
{Chen_MSB2009}_{model_Chen_MSB2009}_660	Ok
{Chen_MSB2009}_{model_Chen_MSB2009}_661	Ok
{Chen_MSB2009}_{model_Chen_MSB2009}_662	Ok
{Chen_MSB2009}_{model_Chen_MSB2009}_663	Ok
{Chen_MSB2009}_{model_Chen_MSB2009}_664	Ok
{Chen_MSB2009}_{model_Chen_MSB2009}_665	Ok
{Chen_MSB2009}_{model_Chen_MSB2009}_666	Ok
{Chen_MSB2009}_{model_Chen_MSB2009}_667	Ok
{Chen_MSB2009}_{model_Chen_MSB2009}_668	Ok
{Chen_MSB2009}_{model_Chen_MSB2009}_669	Ok
{Chen_MSB2009}_{model_Chen_MSB2009}_670	Ok
{Chen_MSB2009}_{model_Chen_MSB2009}_671	Ok
{Chen_MSB2009}_{model_Chen_MSB2009}_672	Ok
{Chen_MSB2009}_{model_Chen_MSB2009}_673	Ok
{Chen_MSB2009}_{model_Chen_MSB2009}_674	Ok
{Chen_MSB2009}_{model_Chen_MSB2009}_675	Ok
{Chen_MSB2009}_{model_Chen_MSB2009}_676	Ok
{Chen_MSB2009}_{model_Chen_MSB2009}_677	Ok
{Chen_MSB2009}_{model_Chen_MSB2009}_678	Ok
{Chen_MSB2009}_{model_Chen_MSB2009}_679	Ok
{Chen_MSB2009}_{model_Chen_MSB2009}_680	Ok
{Chen_MSB2009}_{model_Chen_MSB2009}_681	Ok
{Chen_MSB2009}_{model_Chen_MSB2009}_682	Ok
{Chen_MSB2009}_{model_Chen_MSB2009}_683	Ok
{Chen_MSB2009}_{model_Chen_MSB2009}_684	Ok
{Chen_MSB2009}_{model_Chen_MSB2009}_685	Ok
{Chen_MSB2009}_{model_Chen_MSB2009}_686	Ok
{Chen_MSB2009}_{model_Chen_MSB2009}_687	Ok
{Chen_MSB2009}_{model_Chen_MSB2009}_688	Ok
{Chen_MSB2009}_{model_Chen_MSB2009}_689	Ok
{Chen_MSB2009}_{model_Chen_MSB2009}_690	Ok
{Chen_MSB2009}_{model_Chen_MSB2009}_691	Ok
{Chen_MSB2009}_{model_Chen_MSB2009}_692	Ok
{Chen_MSB2009}_{model_Chen_MSB2009}_693	Ok
{Chen_MSB2009}_{model_Chen_MSB2009}_694	Ok
{Chen_MSB2009}_{model_Chen_MSB2009}_695	Ok
{Chen_MSB2009}_{model_Chen_MSB2009}_696	Ok
{Chen_MSB2009}_{model_Chen_MSB2009}_697	Ok
{Chen_MSB2009}_{model_Chen_MSB2009}_698	Ok
{Chen_MSB2009}_{model_Chen_MSB2009}_699	Ok
{Chen_MSB2009}_{model_Chen_MSB2009}_700	Ok
{Chen_MSB2009}_{model_Chen_MSB2009}_701	Ok
{Chen_MSB2009}_{model_Chen_MSB2009}_702	Ok
{Chen_MSB2009}_{model_Chen_MSB2009}_703	Ok
{Chen_MSB2009}_{model_Chen_MSB2009}_704	Ok
{Chen_MSB2009}_{model_Chen_MSB2009}_705	Ok
{Chen_MSB2009}_{model_Chen_MSB2009}_706	Ok
{Chen_MSB2009}_{model_Chen_MSB2009}_707	Ok
{Chen_MSB2009}_{model_Chen_MSB2009}_708	Ok
{Chen_MSB2009}_{model_Chen_MSB2009}_709	Ok
{Chen_MSB2009}_{model_Chen_MSB2009}_710	Ok
{Chen_MSB2009}_{model_Chen_MSB2009}_711	Ok
{Chen_MSB2009}_{model_Chen_MSB2009}_712	Ok
{Chen_MSB2009}_{model_Chen_MSB2009}_713	Ok
{Chen_MSB2009}_{model_Chen_MSB2009}_714	Ok
{Chen_MSB2009}_{model_Chen_MSB2009}_715	Ok
{Chen_MSB2009}_{model_Chen_MSB2009}_716	Ok
{Chen_MSB2009}_{model_Chen_MSB2009}_717	Ok
{Chen_MSB2009}_{model_Chen_MSB2009}_718	Ok
{Chen_MSB2009}_{model_Chen_MSB2009}_719	Ok
{Chen_MSB2009}_{model_Chen_MSB2009}_720	Ok
{Chen_MSB2009}_{model_Chen_MSB2009}_721	Ok
{Chen_MSB2009}_{model_Chen_MSB2009}_722	Ok
{Chen_MSB2009}_{model_Chen_MSB2009}_723	Ok
{Chen_MSB2009}_{model_Chen_MSB2009}_724	Ok
{Chen_MSB2009}_{model_Chen_MSB2009}_725	Ok
{Chen_MSB2009}_{model_Chen_MSB2009}_726	Ok
{Chen_MSB2009}_{model_Chen_MSB2009}_727	Ok
{Chen_MSB2009}_{model_Chen_MSB2009}_728	Ok
{Chen_MSB2009}_{model_Chen_MSB2009}_729	Ok
{Chen_MSB2009}_{model_Chen_MSB2009}_730	Ok
{Chen_MSB2009}_{model_Chen_MSB2009}_731	Ok
{Chen_MSB2009}_{model_Chen_MSB2009}_732	Ok
{Chen_MSB2009}_{model_Chen_MSB2009}_733	Ok
{Chen_MSB2009}_{model_Chen_MSB2009}_734	Ok
{Chen_MSB2009}_{model_Chen_MSB2009}_735	Ok
{Chen_MSB2009}_{model_Chen_MSB2009}_736	Ok
{Chen_MSB2009}_{model_Chen_MSB2009}_737	Ok
{Chen_MSB2009}_{model_Chen_MSB2009}_738	Ok
{Chen_MSB2009}_{model_Chen_MSB2009}_739	Ok
{Chen_MSB2009}_{model_Chen_MSB2009}_740	Ok
{Chen_MSB2009}_{model_Chen_MSB2009}_741	Ok
{Chen_MSB2009}_{model_Chen_MSB2009}_742	Ok
{Chen_MSB2009}_{model_Chen_MSB2009}_743	Ok
{Chen_MSB2009}_{model_Chen_MSB2009}_744	Ok
{Chen_MSB2009}_{model_Chen_MSB2009}_745	Ok
{Chen_MSB2009}_{model_Chen_MSB2009}_746	Ok
{Chen_MSB2009}_{model_Chen_MSB2009}_747	Ok
{Chen_MSB2009}_{model_Chen_MSB2009}_748	Ok
{Chen_MSB2009}_{model_Chen_MSB2009}_749	Ok
{Chen_MSB2009}_{model_Chen_MSB2009}_750	Ok
{Chen_MSB2009}_{model_Chen_MSB2009}_751	Ok
{Chen_MSB2009}_{model_Chen_MSB2009}_752	Ok
{Chen_MSB2009}_{model_Chen_MSB2009}_753	Ok
{Chen_MSB2009}_{model_Chen_MSB2009}_754	Ok
{Chen_MSB2009}_{model_Chen_MSB2009}_755	Ok
{Chen_MSB2009}_{model_Chen_MSB2009}_756	Ok
{Chen_MSB2009}_{model_Chen_MSB2009}_757	Ok
{Chen_MSB2009}_{model_Chen_MSB2009}_758	Ok
{Chen_MSB2009}_{model_Chen_MSB2009}_759	Ok
{Chen_MSB2009}_{model_Chen_MSB2009}_760	Ok
{Chen_MSB2009}_{model_Chen_MSB2009}_761	Ok
{Chen_MSB2009}_{model_Chen_MSB2009}_762	Ok
{Chen_MSB2009}_{model_Chen_MSB2009}_763	Ok
{Chen_MSB2009}_{model_Chen_MSB2009}_764	Ok
{Chen_MSB2009}_{model_Chen_MSB2009}_765	Ok
{Chen_MSB2009}_{model_Chen_MSB2009}_766	Ok
{Chen_MSB2009}_{model_Chen_MSB2009}_767	Ok
{Chen_MSB2009}_{model_Chen_MSB2009}_768	Ok
{Chen_MSB2009}_{model_Chen_MSB2009}_769	Ok
{Chen_MSB2009}_{model_Chen_MSB2009}_770	Ok
{Chen_MSB2009}_{model_Chen_MSB2009}_771	Ok
{Chen_MSB2009}_{model_Chen_MSB2009}_772	Ok
{Chen_MSB2009}_{model_Chen_MSB2009}_773	Ok
{Chen_MSB2009}_{model_Chen_MSB2009}_774	Ok
{Chen_MSB2009}_{model_Chen_MSB2009}_775	Ok
{Chen_MSB2009}_{model_Chen_MSB2009}_776	Ok
{Chen_MSB2009}_{model_Chen_MSB2009}_777	Ok
{Chen_MSB2009}_{model_Chen_MSB2009}_778	Ok
{Chen_MSB2009}_{model_Chen_MSB2009}_779	Ok
{Chen_MSB2009}_{model_Chen_MSB2009}_780	Ok
{Chen_MSB2009}_{model_Chen_MSB2009}_781	Ok
{Chen_MSB2009}_{model_Chen_MSB2009}_782	Ok
{Chen_MSB2009}_{model_Chen_MSB2009}_783	Ok
{Chen_MSB2009}_{model_Chen_MSB2009}_784	Ok
{Chen_MSB2009}_{model_Chen_MSB2009}_785	Ok
{Chen_MSB2009}_{model_Chen_MSB2009}_786	Ok
{Chen_MSB2009}_{model_Chen_MSB2009}_787	Ok
{Chen_MSB2009}_{model_Chen_MSB2009}_788	Ok
{Chen_MSB2009}_{model_Chen_MSB2009}_789	Ok
{Chen_MSB2009}_{model_Chen_MSB2009}_790	Ok
{Chen_MSB2009}_{model_Chen_MSB2009}_791	Ok
{Chen_MSB2009}_{model_Chen_MSB2009}_792	Ok
{Chen_MSB2009}_{model_Chen_MSB2009}_793	Ok
{Chen_MSB2009}_{model_Chen_MSB2009}_794	Ok
{Chen_MSB2009}_{model_Chen_MSB2009}_795	Ok
{Chen_MSB2009}_{model_Chen_MSB2009}_796	Ok
{Chen_MSB2009}_{model_Chen_MSB2009}_797	Ok
{Chen_MSB2009}_{model_Chen_MSB2009}_798	Ok
{Chen_MSB2009}_{model_Chen_MSB2009}_799	Ok
{Chen_MSB2009}_{model_Chen_MSB2009}_800	Ok
{Chen_MSB2009}_{model_Chen_MSB2009}_801	Ok
{Chen_MSB2009}_{model_Chen_MSB2009}_802	Ok
{Chen_MSB2009}_{model_Chen_MSB2009}_803	Ok
{Chen_MSB2009}_{model_Chen_MSB2009}_804	Ok
{Chen_MSB2009}_{model_Chen_MSB2009}_805	Ok
{Chen_MSB2009}_{model_Chen_MSB2009}_806	Ok
{Chen_MSB2009}_{model_Chen_MSB2009}_807	Ok
{Chen_MSB2009}_{model_Chen_MSB2009}_808	Ok
{Chen_MSB2009}_{model_Chen_MSB2009}_809	Ok
{Chen_MSB2009}_{model_Chen_MSB2009}_810	Ok
{Chen_MSB2009}_{model_Chen_MSB2009}_811	Ok
{Chen_MSB2009}_{model_Chen_MSB2009}_812	Ok
{Chen_MSB2009}_{model_Chen_MSB2009}_813	Ok
{Chen_MSB2009}_{model_Chen_MSB2009}_814	Ok
{Chen_MSB2009}_{model_Chen_MSB2009}_815	Ok
{Chen_MSB2009}_{model_Chen_MSB2009}_816	Ok
{Chen_MSB2009}_{model_Chen_MSB2009}_817	Ok
{Chen_MSB2009}_{model_Chen_MSB2009}_818	Ok
{Chen_MSB2009}_{model_Chen_MSB2009}_819	Ok
{Chen_MSB2009}_{model_Chen_MSB2009}_820	Ok
{Chen_MSB2009}_{model_Chen_MSB2009}_821	Ok
{Chen_MSB2009}_{model_Chen_MSB2009}_822	Ok
{Chen_MSB2009}_{model_Chen_MSB2009}_823	Ok
{Chen_MSB2009}_{model_Chen_MSB2009}_824	Ok
{Chen_MSB2009}_{model_Chen_MSB2009}_825	Ok
{Chen_MSB2009}_{model_Chen_MSB2009}_826	Ok
{Crauste_CellSystems2017}_{model_Crauste_CellSystems2017}_0	Ok
{Crauste_CellSystems2017}_{model_Crauste_CellSystems2017}_1	Ok
{Crauste_CellSystems2017}_{model_Crauste_CellSystems2017}_2	Ok
{Crauste_CellSystems2017}_{model_Crauste_CellSystems2017}_3	Ok
{Crauste_CellSystems2017}_{model_Crauste_CellSystems2017}_4	Ok
{Crauste_CellSystems2017}_{model_Crauste_CellSystems2017}_5	Ok
{Crauste_CellSystems2017}_{model_Crauste_CellSystems2017}_6	Ok
{Crauste_CellSystems2017}_{model_Crauste_CellSystems2017}_7	Ok
{Crauste_CellSystems2017}_{model_Crauste_CellSystems2017}_8	Ok
{Crauste_CellSystems2017}_{model_Crauste_CellSystems2017}_9	Ok
{Crauste_CellSystems2017}_{model_Crauste_CellSystems2017}_10	Ok
{Crauste_CellSystems2017}_{model_Crauste_CellSystems2017}_11	Ok
{Elowitz_Nature2000}_{model_Elowitz_Nature2000}_0	Ok
{Elowitz_Nature2000}_{model_Elowitz_Nature2000}_1	Ok
{Elowitz_Nature2000}_{model_Elowitz_Nature2000}_2	Ok
{Elowitz_Nature2000}_{model_Elowitz_Nature2000}_3	Ok
{Elowitz_Nature2000}_{model_Elowitz_Nature2000}_4	Ok
{Elowitz_Nature2000}_{model_Elowitz_Nature2000}_5	Ok
{Elowitz_Nature2000}_{model_Elowitz_Nature2000}_6	Ok
{Elowitz_Nature2000}_{model_Elowitz_Nature2000}_7	Ok
{Elowitz_Nature2000}_{model_Elowitz_Nature2000}_8	Ok
{Elowitz_Nature2000}_{model_Elowitz_Nature2000}_9	Ok
{Elowitz_Nature2000}_{model_Elowitz_Nature2000}_10	Ok
{Elowitz_Nature2000}_{model_Elowitz_Nature2000}_11	Ok
{Elowitz_Nature2000}_{model_Elowitz_Nature2000}_12	Ok
{Elowitz_Nature2000}_{model_Elowitz_Nature2000}_13	Ok
{Elowitz_Nature2000}_{model_Elowitz_Nature2000}_14	Ok
{Elowitz_Nature2000}_{model_Elowitz_Nature2000}_15	Ok
{Fiedler_BMC2016}_{model_Fiedler_BMC2016}_0	Ok
{Fiedler_BMC2016}_{model_Fiedler_BMC2016}_1	Ok
{Fiedler_BMC2016}_{model_Fiedler_BMC2016}_2	Ok
{Fiedler_BMC2016}_{model_Fiedler_BMC2016}_3	Ok
{Fiedler_BMC2016}_{model_Fiedler_BMC2016}_4	Ok
{Fiedler_BMC2016}_{model_Fiedler_BMC2016}_5	Ok
{Fujita_SciSignal2010}_{model_Fujita_SciSignal2010}_0	Ok
{Fujita_SciSignal2010}_{model_Fujita_SciSignal2010}_1	Ok
{Fujita_SciSignal2010}_{model_Fujita_SciSignal2010}_2	Ok
{Fujita_SciSignal2010}_{model_Fujita_SciSignal2010}_3	Ok
{Fujita_SciSignal2010}_{model_Fujita_SciSignal2010}_4	Ok
{Fujita_SciSignal2010}_{model_Fujita_SciSignal2010}_5	Ok
{Fujita_SciSignal2010}_{model_Fujita_SciSignal2010}_6	Ok
{Fujita_SciSignal2010}_{model_Fujita_SciSignal2010}_7	Ok
{Fujita_SciSignal2010}_{model_Fujita_SciSignal2010}_8	Ok
{Fujita_SciSignal2010}_{model_Fujita_SciSignal2010}_9	Ok
{Fujita_SciSignal2010}_{model_Fujita_SciSignal2010}_10	Ok
{Hass_PONE2017}_{model_Hass_PONE2017}_0	Ok
{Hass_PONE2017}_{model_Hass_PONE2017}_1	Ok
{Hass_PONE2017}_{model_Hass_PONE2017}_2	Ok
{Hass_PONE2017}_{model_Hass_PONE2017}_3	Ok
{Hass_PONE2017}_{model_Hass_PONE2017}_4	Ok
{Hass_PONE2017}_{model_Hass_PONE2017}_5	Ok
{Hass_PONE2017}_{model_Hass_PONE2017}_6	Ok
{Hass_PONE2017}_{model_Hass_PONE2017}_7	Ok
{Hass_PONE2017}_{model_Hass_PONE2017}_8	Ok
{Hass_PONE2017}_{model_Hass_PONE2017}_9	Ok
{Hass_PONE2017}_{model_Hass_PONE2017}_10	Ok
{Hass_PONE2017}_{model_Hass_PONE2017}_11	Ok
{Hass_PONE2017}_{model_Hass_PONE2017}_12	Ok
{Hass_PONE2017}_{model_Hass_PONE2017}_13	Ok
{Hass_PONE2017}_{model_Hass_PONE2017}_14	Ok
{Hass_PONE2017}_{model_Hass_PONE2017}_15	Ok
{Isensee_JCB2018}_{model_Isensee_JCB2018}_0	Ok
{Isensee_JCB2018}_{model_Isensee_JCB2018}_1	Ok
{Isensee_JCB2018}_{model_Isensee_JCB2018}_2	Ok
{Isensee_JCB2018}_{model_Isensee_JCB2018}_3	Ok
{Isensee_JCB2018}_{model_Isensee_JCB2018}_4	Ok
{Isensee_JCB2018}_{model_Isensee_JCB2018}_5	Ok
{Isensee_JCB2018}_{model_Isensee_JCB2018}_6	Ok
{Isensee_JCB2018}_{model_Isensee_JCB2018}_7	Ok
{Isensee_JCB2018}_{model_Isensee_JCB2018}_8	Ok
{Isensee_JCB2018}_{model_Isensee_JCB2018}_9	Ok
{Isensee_JCB2018}_{model_Isensee_JCB2018}_10	Ok
{Isensee_JCB2018}_{model_Isensee_JCB2018}_11	Ok
{Isensee_JCB2018}_{model_Isensee_JCB2018}_12	Ok
{Isensee_JCB2018}_{model_Isensee_JCB2018}_13	Ok
{Isensee_JCB2018}_{model_Isensee_JCB2018}_14	Ok
{Isensee_JCB2018}_{model_Isensee_JCB2018}_15	Ok
{Isensee_JCB2018}_{model_Isensee_JCB2018}_16	Ok
{Isensee_JCB2018}_{model_Isensee_JCB2018}_17	Ok
{Isensee_JCB2018}_{model_Isensee_JCB2018}_18	Ok
{Isensee_JCB2018}_{model_Isensee_JCB2018}_19	Ok
{Isensee_JCB2018}_{model_Isensee_JCB2018}_20	Ok
{Isensee_JCB2018}_{model_Isensee_JCB2018}_21	Ok
{Isensee_JCB2018}_{model_Isensee_JCB2018}_22	Ok
{Isensee_JCB2018}_{model_Isensee_JCB2018}_23	Ok
{Isensee_JCB2018}_{model_Isensee_JCB2018}_24	Ok
{Isensee_JCB2018}_{model_Isensee_JCB2018}_25	Ok
{Isensee_JCB2018}_{model_Isensee_JCB2018}_26	Ok
{Isensee_JCB2018}_{model_Isensee_JCB2018}_27	Ok
{Isensee_JCB2018}_{model_Isensee_JCB2018}_28	Ok
{Isensee_JCB2018}_{model_Isensee_JCB2018}_29	Ok
{Isensee_JCB2018}_{model_Isensee_JCB2018}_30	Ok
{Isensee_JCB2018}_{model_Isensee_JCB2018}_31	Ok
{Isensee_JCB2018}_{model_Isensee_JCB2018}_32	Ok
{Isensee_JCB2018}_{model_Isensee_JCB2018}_33	Ok
{Isensee_JCB2018}_{model_Isensee_JCB2018}_34	Ok
{Isensee_JCB2018}_{model_Isensee_JCB2018}_35	Ok
{Isensee_JCB2018}_{model_Isensee_JCB2018}_36	Ok
{Isensee_JCB2018}_{model_Isensee_JCB2018}_37	Ok
{Isensee_JCB2018}_{model_Isensee_JCB2018}_38	Ok
{Isensee_JCB2018}_{model_Isensee_JCB2018}_39	Ok
{Isensee_JCB2018}_{model_Isensee_JCB2018}_40	Ok
{Isensee_JCB2018}_{model_Isensee_JCB2018}_41	Ok
{Isensee_JCB2018}_{model_Isensee_JCB2018}_42	Ok
{Korkut_eLIFE2015}_{model_Korkut_eLIFE2015}_0	Ok
{Korkut_eLIFE2015}_{model_Korkut_eLIFE2015}_1	Ok
{Korkut_eLIFE2015}_{model_Korkut_eLIFE2015}_2	Ok
{Korkut_eLIFE2015}_{model_Korkut_eLIFE2015}_3	Ok
{Korkut_eLIFE2015}_{model_Korkut_eLIFE2015}_4	Ok
{Korkut_eLIFE2015}_{model_Korkut_eLIFE2015}_5	Ok
{Korkut_eLIFE2015}_{model_Korkut_eLIFE2015}_6	Ok
{Korkut_eLIFE2015}_{model_Korkut_eLIFE2015}_7	Ok
{Korkut_eLIFE2015}_{model_Korkut_eLIFE2015}_8	Ok
{Korkut_eLIFE2015}_{model_Korkut_eLIFE2015}_9	Ok
{Korkut_eLIFE2015}_{model_Korkut_eLIFE2015}_10	Ok
{Korkut_eLIFE2015}_{model_Korkut_eLIFE2015}_11	Ok
{Korkut_eLIFE2015}_{model_Korkut_eLIFE2015}_12	Ok
{Korkut_eLIFE2015}_{model_Korkut_eLIFE2015}_13	Ok
{Korkut_eLIFE2015}_{model_Korkut_eLIFE2015}_14	Ok
{Korkut_eLIFE2015}_{model_Korkut_eLIFE2015}_15	Ok
{Korkut_eLIFE2015}_{model_Korkut_eLIFE2015}_16	Ok
{Korkut_eLIFE2015}_{model_Korkut_eLIFE2015}_17	Ok
{Korkut_eLIFE2015}_{model_Korkut_eLIFE2015}_18	Ok
{Korkut_eLIFE2015}_{model_Korkut_eLIFE2015}_19	Ok
{Kouril2017_fig2b_Microbiology}_{model_kouril2017_fig2b_Microbiology}_0	Ok
{Kouril2017_fig4b_Microbiology}_{model_kouril2017_fig4b_Microbiology}_0	Ok
{Kouril2017_fig4b_Microbiology}_{model_kouril2017_fig4b_Microbiology}_1	Ok
{Kouril2017_fig4b_Microbiology}_{model_kouril2017_fig4b_Microbiology}_2	Ok
{Kouril2017_fig4b_Microbiology}_{model_kouril2017_fig4b_Microbiology}_3	Ok
{Kouril2017_fig4c_Microbiology}_{model_kouril2017_fig4c}_0	Ok
{Kouril2017_fig4c_Microbiology}_{model_kouril2017_fig4c}_1	Ok
{Kouril2017_fig4c_Microbiology}_{model_kouril2017_fig4c}_2	Ok
{Kouril2017_fig4c_Microbiology}_{model_kouril2017_fig4c}_3	Ok
{Kouril2017_fig4c_Microbiology}_{model_kouril2017_fig4c}_4	Ok
{Kouril2017_fig4c_Microbiology}_{model_kouril2017_fig4c}_5	Ok
{Lucarelli_CellSystems2018}_{model_Lucarelli_CellSystems2018}_0	Ok
{Lucarelli_CellSystems2018}_{model_Lucarelli_CellSystems2018}_1	Ok
{Lucarelli_CellSystems2018}_{model_Lucarelli_CellSystems2018}_2	Ok
{Lucarelli_CellSystems2018}_{model_Lucarelli_CellSystems2018}_3	Ok
{Lucarelli_CellSystems2018}_{model_Lucarelli_CellSystems2018}_4	Ok
{Lucarelli_CellSystems2018}_{model_Lucarelli_CellSystems2018}_5	Ok
{Lucarelli_CellSystems2018}_{model_Lucarelli_CellSystems2018}_6	Ok
{Lucarelli_CellSystems2018}_{model_Lucarelli_CellSystems2018}_7	Ok
{Lucarelli_CellSystems2018}_{model_Lucarelli_CellSystems2018}_8	Ok
{Lucarelli_CellSystems2018}_{model_Lucarelli_CellSystems2018}_9	Ok
{Lucarelli_CellSystems2018}_{model_Lucarelli_CellSystems2018}_10	Ok
{Lucarelli_CellSystems2018}_{model_Lucarelli_CellSystems2018}_11	Ok
{Lucarelli_CellSystems2018}_{model_Lucarelli_CellSystems2018}_12	Ok
{Lucarelli_CellSystems2018}_{model_Lucarelli_CellSystems2018}_13	Ok
{Lucarelli_CellSystems2018}_{model_Lucarelli_CellSystems2018}_14	Ok
{Lucarelli_CellSystems2018}_{model_Lucarelli_CellSystems2018}_15	Ok
{Lucarelli_CellSystems2018}_{model_Lucarelli_CellSystems2018}_16	Ok
{Lucarelli_CellSystems2018}_{model_Lucarelli_CellSystems2018}_17	Ok
{Lucarelli_CellSystems2018}_{model_Lucarelli_CellSystems2018}_18	Ok
{Lucarelli_CellSystems2018}_{model_Lucarelli_CellSystems2018}_19	Ok
{Lucarelli_CellSystems2018}_{model_Lucarelli_CellSystems2018}_20	Ok
{Lucarelli_CellSystems2018}_{model_Lucarelli_CellSystems2018}_21	Ok
{Lucarelli_CellSystems2018}_{model_Lucarelli_CellSystems2018}_22	Ok
{Lucarelli_CellSystems2018}_{model_Lucarelli_CellSystems2018}_23	Ok
{Lucarelli_CellSystems2018}_{model_Lucarelli_CellSystems2018}_24	Ok
{Lucarelli_CellSystems2018}_{model_Lucarelli_CellSystems2018}_25	Ok
{Lucarelli_CellSystems2018}_{model_Lucarelli_CellSystems2018}_26	Ok
{Lucarelli_CellSystems2018}_{model_Lucarelli_CellSystems2018}_27	Ok
{Lucarelli_CellSystems2018}_{model_Lucarelli_CellSystems2018}_28	Ok
{Lucarelli_CellSystems2018}_{model_Lucarelli_CellSystems2018}_29	Ok
{Lucarelli_CellSystems2018}_{model_Lucarelli_CellSystems2018}_30	Ok
{Lucarelli_CellSystems2018}_{model_Lucarelli_CellSystems2018}_31	Ok
{Lucarelli_CellSystems2018}_{model_Lucarelli_CellSystems2018}_32	Ok
{Lucarelli_CellSystems2018}_{model_Lucarelli_CellSystems2018}_33	Ok
{Lucarelli_CellSystems2018}_{model_Lucarelli_CellSystems2018}_34	Ok
{Lucarelli_CellSystems2018}_{model_Lucarelli_CellSystems2018}_35	Ok
{Lucarelli_CellSystems2018}_{model_Lucarelli_CellSystems2018}_36	Ok
{Lucarelli_CellSystems2018}_{model_Lucarelli_CellSystems2018}_37	Ok
{Lucarelli_CellSystems2018}_{model_Lucarelli_CellSystems2018}_38	Ok
{Lucarelli_CellSystems2018}_{model_Lucarelli_CellSystems2018}_39	Ok
{Lucarelli_CellSystems2018}_{model_Lucarelli_CellSystems2018}_40	Ok
{Lucarelli_CellSystems2018}_{model_Lucarelli_CellSystems2018}_41	Ok
{Lucarelli_CellSystems2018}_{model_Lucarelli_CellSystems2018}_42	Ok
{Lucarelli_CellSystems2018}_{model_Lucarelli_CellSystems2018}_43	Ok
{Lucarelli_CellSystems2018}_{model_Lucarelli_CellSystems2018}_44	Ok
{Lucarelli_CellSystems2018}_{model_Lucarelli_CellSystems2018}_45	Ok
{Lucarelli_CellSystems2018}_{model_Lucarelli_CellSystems2018}_46	Ok
{Lucarelli_CellSystems2018}_{model_Lucarelli_CellSystems2018}_47	Ok
{Lucarelli_CellSystems2018}_{model_Lucarelli_CellSystems2018}_48	Ok
{Lucarelli_CellSystems2018}_{model_Lucarelli_CellSystems2018}_49	Ok
{Lucarelli_CellSystems2018}_{model_Lucarelli_CellSystems2018}_50	Ok
{Lucarelli_CellSystems2018}_{model_Lucarelli_CellSystems2018}_51	Ok
{Lucarelli_CellSystems2018}_{model_Lucarelli_CellSystems2018}_52	Ok
{Lucarelli_CellSystems2018}_{model_Lucarelli_CellSystems2018}_53	Ok
{Lucarelli_CellSystems2018}_{model_Lucarelli_CellSystems2018}_54	Ok
{Lucarelli_CellSystems2018}_{model_Lucarelli_CellSystems2018}_55	Ok
{Lucarelli_CellSystems2018}_{model_Lucarelli_CellSystems2018}_56	Ok
{Parmar_PCB2019}_{model_Parmar_PCB2019}_0	Ok
{Parmar_PCB2019}_{model_Parmar_PCB2019}_1	Ok
{Parmar_PCB2019}_{model_Parmar_PCB2019}_2	Ok
{Parmar_PCB2019}_{model_Parmar_PCB2019}_3	Ok
{Parmar_PCB2019}_{model_Parmar_PCB2019}_4	Ok
{Parmar_PCB2019}_{model_Parmar_PCB2019}_5	Ok
{Parmar_PCB2019}_{model_Parmar_PCB2019}_6	Ok
{Parmar_PCB2019}_{model_Parmar_PCB2019}_7	Ok
{Parmar_PCB2019}_{model_Parmar_PCB2019}_8	Ok
{Parmar_PCB2019}_{model_Parmar_PCB2019}_9	Ok
{Parmar_PCB2019}_{model_Parmar_PCB2019}_10	Ok
{Parmar_PCB2019}_{model_Parmar_PCB2019}_11	Ok
{Parmar_PCB2019}_{model_Parmar_PCB2019}_12	Ok
{Parmar_PCB2019}_{model_Parmar_PCB2019}_13	Ok
{Parmar_PCB2019}_{model_Parmar_PCB2019}_14	Ok
{Parmar_PCB2019}_{model_Parmar_PCB2019}_15	Ok
{Parmar_PCB2019}_{model_Parmar_PCB2019}_16	Ok
{Parmar_PCB2019}_{model_Parmar_PCB2019}_17	Ok
{Parmar_PCB2019}_{model_Parmar_PCB2019}_18	Ok
{Parmar_PCB2019}_{model_Parmar_PCB2019}_19	Ok
{Parmar_PCB2019}_{model_Parmar_PCB2019}_20	Ok
{Parmar_PCB2019}_{model_Parmar_PCB2019}_21	Ok
{Parmar_PCB2019}_{model_Parmar_PCB2019}_22	Ok
{Parmar_PCB2019}_{model_Parmar_PCB2019}_23	Ok
{Parmar_PCB2019}_{model_Parmar_PCB2019}_24	Ok
{Parmar_PCB2019}_{model_Parmar_PCB2019}_25	Ok
{Parmar_PCB2019}_{model_Parmar_PCB2019}_26	Ok
{Parmar_PCB2019}_{model_Parmar_PCB2019}_27	Ok
{Parmar_PCB2019}_{model_Parmar_PCB2019}_28	Ok
{Parmar_PCB2019}_{model_Parmar_PCB2019}_29	Ok
{Parmar_PCB2019}_{model_Parmar_PCB2019}_30	Ok
{Parmar_PCB2019}_{model_Parmar_PCB2019}_31	Ok
{Parmar_PCB2019}_{model_Parmar_PCB2019}_32	Ok
{Parmar_PCB2019}_{model_Parmar_PCB2019}_33	Ok
{Parmar_PCB2019}_{model_Parmar_PCB2019}_34	Ok
{Parmar_PCB2019}_{model_Parmar_PCB2019}_35	Ok
{Parmar_PCB2019}_{model_Parmar_PCB2019}_36	Ok
{Parmar_PCB2019}_{model_Parmar_PCB2019}_37	Ok
{Parmar_PCB2019}_{model_Parmar_PCB2019}_38	Ok
{Parmar_PCB2019}_{model_Parmar_PCB2019}_39	Ok
{Parmar_PCB2019}_{model_Parmar_PCB2019}_40	Ok
{Parmar_PCB2019}_{model_Parmar_PCB2019}_41	Ok
{Parmar_PCB2019}_{model_Parmar_PCB2019}_42	Ok
{Parmar_PCB2019}_{model_Parmar_PCB2019}_43	Ok
{Parmar_PCB2019}_{model_Parmar_PCB2019}_44	Ok
{Parmar_PCB2019}_{model_Parmar_PCB2019}_45	Ok
{Parmar_PCB2019}_{model_Parmar_PCB2019}_46	Ok
{Parmar_PCB2019}_{model_Parmar_PCB2019}_47	Ok
{Parmar_PCB2019}_{model_Parmar_PCB2019}_48	Ok
{Parmar_PCB2019}_{model_Parmar_PCB2019}_49	Ok
{Parmar_PCB2019}_{model_Parmar_PCB2019}_50	Ok
{Parmar_PCB2019}_{model_Parmar_PCB2019}_51	Ok
{Parmar_PCB2019}_{model_Parmar_PCB2019}_52	Ok
{Parmar_PCB2019}_{model_Parmar_PCB2019}_53	Ok
{Parmar_PCB2019}_{model_Parmar_PCB2019}_54	Ok
{Parmar_PCB2019}_{model_Parmar_PCB2019}_55	Ok
{Parmar_PCB2019}_{model_Parmar_PCB2019}_56	Ok
{Parmar_PCB2019}_{model_Parmar_PCB2019}_57	Ok
{Perelson_Science1996}_{model_Perelson_Science1996}_0	Ok
{Perelson_Science1996}_{model_Perelson_Science1996}_1	Ok
{Perelson_Science1996}_{model_Perelson_Science1996}_2	Ok
{Perelson_Science1996}_{model_Perelson_Science1996}_3	Ok
{Perelson_Science1996}_{model_Perelson_Science1996}_4	Ok
{Raia_CancerResearch2011}_{model_Raia_CancerResearch2011}_0	Ok
{Raia_CancerResearch2011}_{model_Raia_CancerResearch2011}_1	Ok
{Raia_CancerResearch2011}_{model_Raia_CancerResearch2011}_2	Ok
{Raia_CancerResearch2011}_{model_Raia_CancerResearch2011}_3	Ok
{Raia_CancerResearch2011}_{model_Raia_CancerResearch2011}_4	Ok
{Raia_CancerResearch2011}_{model_Raia_CancerResearch2011}_5	Ok
{Raia_CancerResearch2011}_{model_Raia_CancerResearch2011}_6	Ok
{Raia_CancerResearch2011}_{model_Raia_CancerResearch2011}_7	Ok
{Raia_CancerResearch2011}_{model_Raia_CancerResearch2011}_8	Ok
{Raia_CancerResearch2011}_{model_Raia_CancerResearch2011}_9	Ok
{Raia_CancerResearch2011}_{model_Raia_CancerResearch2011}_10	Ok
{Raia_CancerResearch2011}_{model_Raia_CancerResearch2011}_11	Ok
{Raia_CancerResearch2011}_{model_Raia_CancerResearch2011}_12	Ok
{Raia_CancerResearch2011}_{model_Raia_CancerResearch2011}_13	Ok
{Raia_CancerResearch2011}_{model_Raia_CancerResearch2011}_14	Ok
{Raia_CancerResearch2011}_{model_Raia_CancerResearch2011}_15	Ok
{Schwen_PONE2014}_{model_Schwen_PONE2014}_0	Ok
{Schwen_PONE2014}_{model_Schwen_PONE2014}_1	Ok
{Schwen_PONE2014}_{model_Schwen_PONE2014}_2	Ok
{Schwen_PONE2014}_{model_Schwen_PONE2014}_3	Ok
{Schwen_PONE2014}_{model_Schwen_PONE2014}_4	Ok
{Schwen_PONE2014}_{model_Schwen_PONE2014}_5	Ok
{Schwen_PONE2014}_{model_Schwen_PONE2014}_6	Ok
{Schwen_PONE2014}_{model_Schwen_PONE2014}_7	Ok
{Schwen_PONE2014}_{model_Schwen_PONE2014}_8	Ok
{Schwen_PONE2014}_{model_Schwen_PONE2014}_9	Ok
{Schwen_PONE2014}_{model_Schwen_PONE2014}_10	Ok
{Schwen_PONE2014}_{model_Schwen_PONE2014}_11	Ok
{Schwen_PONE2014}_{model_Schwen_PONE2014}_12	Ok
{Schwen_PONE2014}_{model_Schwen_PONE2014}_13	Ok
{Sneyd_PNAS2002}_{model_Sneyd_PNAS2002}_0	Ok
{Sneyd_PNAS2002}_{model_Sneyd_PNAS2002}_1	Ok
{Sneyd_PNAS2002}_{model_Sneyd_PNAS2002}_2	Ok
{Sneyd_PNAS2002}_{model_Sneyd_PNAS2002}_3	Ok
{Sneyd_PNAS2002}_{model_Sneyd_PNAS2002}_4	Ok
{Sneyd_PNAS2002}_{model_Sneyd_PNAS2002}_5	Ok
{Sneyd_PNAS2002}_{model_Sneyd_PNAS2002}_6	Ok
{Sneyd_PNAS2002}_{model_Sneyd_PNAS2002}_7	Ok
{Sneyd_PNAS2002}_{model_Sneyd_PNAS2002}_8	Ok
{Sneyd_PNAS2002}_{model_Sneyd_PNAS2002}_9	Ok
{Sobotta_Frontiers2017}_{model_Sobotta_Frontiers2017}_0	Ok
{Sobotta_Frontiers2017}_{model_Sobotta_Frontiers2017}_1	Ok
{Sobotta_Frontiers2017}_{model_Sobotta_Frontiers2017}_2	Ok
{Sobotta_Frontiers2017}_{model_Sobotta_Frontiers2017}_3	Ok
{Sobotta_Frontiers2017}_{model_Sobotta_Frontiers2017}_4	Ok
{Sobotta_Frontiers2017}_{model_Sobotta_Frontiers2017}_5	Ok
{Sobotta_Frontiers2017}_{model_Sobotta_Frontiers2017}_6	Ok
{Sobotta_Frontiers2017}_{model_Sobotta_Frontiers2017}_7	Ok
{Sobotta_Frontiers2017}_{model_Sobotta_Frontiers2017}_8	Ok
{Sobotta_Frontiers2017}_{model_Sobotta_Frontiers2017}_9	Ok
{Sobotta_Frontiers2017}_{model_Sobotta_Frontiers2017}_10	Ok
{Sobotta_Frontiers2017}_{model_Sobotta_Frontiers2017}_11	Ok
{Sobotta_Frontiers2017}_{model_Sobotta_Frontiers2017}_12	Ok
{Sobotta_Frontiers2017}_{model_Sobotta_Frontiers2017}_13	Ok
{Sobotta_Frontiers2017}_{model_Sobotta_Frontiers2017}_14	Ok
{Sobotta_Frontiers2017}_{model_Sobotta_Frontiers2017}_15	Ok
{Sobotta_Frontiers2017}_{model_Sobotta_Frontiers2017}_16	Ok
{Sobotta_Frontiers2017}_{model_Sobotta_Frontiers2017}_17	Ok
{Sobotta_Frontiers2017}_{model_Sobotta_Frontiers2017}_18	Ok
{Sobotta_Frontiers2017}_{model_Sobotta_Frontiers2017}_19	Ok
{Sobotta_Frontiers2017}_{model_Sobotta_Frontiers2017}_20	Ok
{Sobotta_Frontiers2017}_{model_Sobotta_Frontiers2017}_21	Ok
{Sobotta_Frontiers2017}_{model_Sobotta_Frontiers2017}_22	Ok
{Sobotta_Frontiers2017}_{model_Sobotta_Frontiers2017}_23	Ok
{Swameye_PNAS2003}_{model_Swameye_PNAS2003}_0	Ok
{Swameye_PNAS2003}_{model_Swameye_PNAS2003}_1	Ok
{Swameye_PNAS2003}_{model_Swameye_PNAS2003}_2	Ok
{Swameye_PNAS2003}_{model_Swameye_PNAS2003}_3	Ok
{Swameye_PNAS2003}_{model_Swameye_PNAS2003}_4	Ok
{Swameye_PNAS2003}_{model_Swameye_PNAS2003}_5	Ok
{Swameye_PNAS2003}_{model_Swameye_PNAS2003}_6	Ok
{Swameye_PNAS2003}_{model_Swameye_PNAS2003}_7	Ok
{Swameye_PNAS2003}_{model_Swameye_PNAS2003}_8	Ok
{Weber_BMC2015}_{model_Weber_BMC2015}_0	Ok
{Weber_BMC2015}_{model_Weber_BMC2015}_1	Ok
{Weber_BMC2015}_{model_Weber_BMC2015}_2	Ok
{Weber_BMC2015}_{model_Weber_BMC2015}_3	Ok
{Weber_BMC2015}_{model_Weber_BMC2015}_4	Ok
{Weber_BMC2015}_{model_Weber_BMC2015}_5	Ok
{Weber_BMC2015}_{model_Weber_BMC2015}_6	Ok
{Weber_BMC2015}_{model_Weber_BMC2015}_7	Ok
{Weber_BMC2015}_{model_Weber_BMC2015}_8	Ok
{Weber_BMC2015}_{model_Weber_BMC2015}_9	Ok
{Weber_BMC2015}_{model_Weber_BMC2015}_10	Ok
{Weber_BMC2015}_{model_Weber_BMC2015}_11	Ok
{Weber_BMC2015}_{model_Weber_BMC2015}_12	Ok
{Weber_BMC2015}_{model_Weber_BMC2015}_13	Ok
{Weber_BMC2015}_{model_Weber_BMC2015}_14	Ok
{Weber_BMC2015}_{model_Weber_BMC2015}_15	Ok
{Weber_BMC2015}_{model_Weber_BMC2015}_16	Ok
{Weber_BMC2015}_{model_Weber_BMC2015}_17	Ok
{Weber_BMC2015}_{model_Weber_BMC2015}_18	Ok
{Weber_BMC2015}_{model_Weber_BMC2015}_19	Ok
{Weber_BMC2015}_{model_Weber_BMC2015}_20	Ok
{Zheng_PNAS2012}_{model_Zheng_PNAS2012}_0	Ok
{Zheng_PNAS2012}_{model_Zheng_PNAS2012}_1	Ok
{Zheng_PNAS2012}_{model_Zheng_PNAS2012}_2	Ok
{Zheng_PNAS2012}_{model_Zheng_PNAS2012}_3	Ok
{Zheng_PNAS2012}_{model_Zheng_PNAS2012}_4	Ok
{Zheng_PNAS2012}_{model_Zheng_PNAS2012}_5	Ok
{Zheng_PNAS2012}_{model_Zheng_PNAS2012}_6	Ok
{Zheng_PNAS2012}_{model_Zheng_PNAS2012}_7	Ok
{Zheng_PNAS2012}_{model_Zheng_PNAS2012}_8	Ok
{Zheng_PNAS2012}_{model_Zheng_PNAS2012}_9	Ok
{Zheng_PNAS2012}_{model_Zheng_PNAS2012}_10	Ok
{Zheng_PNAS2012}_{model_Zheng_PNAS2012}_11	Ok
{Zheng_PNAS2012}_{model_Zheng_PNAS2012}_12	Ok
{Zheng_PNAS2012}_{model_Zheng_PNAS2012}_13	Ok
{Zheng_PNAS2012}_{model_Zheng_PNAS2012}_14	Ok
{Zheng_PNAS2012}_{model_Zheng_PNAS2012}_15	Ok
{Zheng_PNAS2012}_{model_Zheng_PNAS2012}_16	Ok
{Zheng_PNAS2012}_{model_Zheng_PNAS2012}_17	Ok
{Zheng_PNAS2012}_{model_Zheng_PNAS2012}_18	Ok
{Zheng_PNAS2012}_{model_Zheng_PNAS2012}_19	Ok
{Zheng_PNAS2012}_{model_Zheng_PNAS2012}_20	Ok
{Zheng_PNAS2012}_{model_Zheng_PNAS2012}_21	Ok
{Zheng_PNAS2012}_{model_Zheng_PNAS2012}_22	Ok
{Zheng_PNAS2012}_{model_Zheng_PNAS2012}_23	Ok
{Zheng_PNAS2012}_{model_Zheng_PNAS2012}_24	Ok
{Zheng_PNAS2012}_{model_Zheng_PNAS2012}_25	Ok
{Zheng_PNAS2012}_{model_Zheng_PNAS2012}_26	Ok
{Zheng_PNAS2012}_{model_Zheng_PNAS2012}_27	Ok
{Zheng_PNAS2012}_{model_Zheng_PNAS2012}_28	Ok
{Zheng_PNAS2012}_{model_Zheng_PNAS2012}_29	Ok
{Zheng_PNAS2012}_{model_Zheng_PNAS2012}_30	Ok
{Zheng_PNAS2012}_{model_Zheng_PNAS2012}_31	Ok
{Zheng_PNAS2012}_{model_Zheng_PNAS2012}_32	Ok
{Zheng_PNAS2012}_{model_Zheng_PNAS2012}_33	Ok
{Zheng_PNAS2012}_{model_Zheng_PNAS2012}_34	Ok
{Zheng_PNAS2012}_{model_Zheng_PNAS2012}_35	Ok
{Zheng_PNAS2012}_{model_Zheng_PNAS2012}_36	Ok
{Zheng_PNAS2012}_{model_Zheng_PNAS2012}_37	Ok
{Zheng_PNAS2012}_{model_Zheng_PNAS2012}_38	Ok
{Zheng_PNAS2012}_{model_Zheng_PNAS2012}_39	Ok
{Zheng_PNAS2012}_{model_Zheng_PNAS2012}_40	Ok
{Zheng_PNAS2012}_{model_Zheng_PNAS2012}_41	Ok
{Zheng_PNAS2012}_{model_Zheng_PNAS2012}_42	Ok
{Zheng_PNAS2012}_{model_Zheng_PNAS2012}_43	Ok
{Zheng_PNAS2012}_{model_Zheng_PNAS2012}_44	Ok
{Zheng_PNAS2012}_{model_Zheng_PNAS2012}_45	Ok
{Zheng_PNAS2012}_{model_Zheng_PNAS2012}_46	Ok
{Zheng_PNAS2012}_{model_Zheng_PNAS2012}_47	Ok
{Zheng_PNAS2012}_{model_Zheng_PNAS2012}_48	Ok
{Zheng_PNAS2012}_{model_Zheng_PNAS2012}_49	Ok
{Zheng_PNAS2012}_{model_Zheng_PNAS2012}_50	Ok
{Zheng_PNAS2012}_{model_Zheng_PNAS2012}_51	Ok
{Zheng_PNAS2012}_{model_Zheng_PNAS2012}_52	Ok
{Zheng_PNAS2012}_{model_Zheng_PNAS2012}_53	Ok
{Zheng_PNAS2012}_{model_Zheng_PNAS2012}_54	Ok
{Zheng_PNAS2012}_{model_Zheng_PNAS2012}_55	Ok
{Zheng_PNAS2012}_{model_Zheng_PNAS2012}_56	Ok
{Zheng_PNAS2012}_{model_Zheng_PNAS2012}_57	Ok
{Zheng_PNAS2012}_{model_Zheng_PNAS2012}_58	Ok
{Zheng_PNAS2012}_{model_Zheng_PNAS2012}_59	Ok
